HITId,HITTypeId,Title,Description,Keywords,Reward,CreationTime,MaxAssignments,RequesterAnnotation,AssignmentDurationInSeconds,AutoApprovalDelayInSeconds,Expiration,NumberOfSimilarHITs,LifetimeInSeconds,AssignmentId,WorkerId,AssignmentStatus,AcceptTime,SubmitTime,AutoApprovalTime,ApprovalTime,RejectionTime,RequesterFeedback,WorkTimeInSeconds,LifetimeApprovalRate,Last30DaysApprovalRate,Last7DaysApprovalRate,Input.id_0,Input.url_0,Input.label_0,Input.id_1,Input.url_1,Input.label_1,Input.id_2,Input.url_2,Input.label_2,Input.id_3,Input.url_3,Input.label_3,Input.id_4,Input.url_4,Input.label_4,Approve,Reject,complete-time-0,complete-time-1,complete-time-2,complete-time-3,complete-time-4,load-time,start-time,worker-platform,worker-language,worker-local-time,end-time,Answer.label_0,Answer.label_1,Answer.label_2,Answer.label_3,Answer.label_4,is-correct_0,is-correct_1,is-correct_2,is-correct_3,is-correct_4,total-correct
367O8HRHKG8677BP4Q34IRD17BES45,3TLBHISGTOL6I2JNWXXGPLITY7PABT,Decide if these images contain a chair,You see an image. Your task is to decide if there is a chair in this image.,"image, classification",$0.10,2021-01-12T15:55:29+00:00,1,BatchId:4301018;OriginalHitTemplateId:928390875;,120,604800,2021-01-19T15:55:29+00:00,,,323Q6SJS8IGU1YSS3FSPT1ZDMGYHFH,A002160837SWJFPIAI7L7,Submitted,2021-01-12T16:02:07+00:00,2021-01-12T16:02:25+00:00,2021-01-19T16:02:25+00:00,,,,18,0% (0/0),0% (0/0),0% (0/0),39726,http://farm8.staticflickr.com/7336/9655032362_e6455ec5fc_z.jpg,Chair,451818,http://farm1.staticflickr.com/36/80314357_06beb0ae32_z.jpg,Chair,455081,http://farm6.staticflickr.com/5069/5604259659_4cf7ced47a_z.jpg,Chair,294107,http://farm4.staticflickr.com/3047/2722163895_c329e62b76_z.jpg,NoChair,110857,http://farm3.staticflickr.com/2510/3985323426_e53cd95734_z.jpg,Chair,,,2021-01-12T16:02:17.077Z,2021-01-12T16:02:24.150Z,2021-01-12T16:02:16.251Z,2021-01-12T16:02:12.844Z,2021-01-12T16:02:15.224Z,2021-01-12T16:02:06.676Z,2021-01-12T16:02:11.338Z,Win32,en-US,Tue Jan 12 2021 11:02:06 GMT-0500 (Eastern Standard Time),2021-01-12T16:02:24.150Z,NoChair,NoChair,NoChair,NoChair,Chair,0,0,0,1,1,2
359AP8GAGGKNJD4C92BB6YTTCAJC7G,3TLBHISGTOL6I2JNWXXGPLITY7PABT,Decide if these images contain a chair,You see an image. Your task is to decide if there is a chair in this image.,"image, classification",$0.10,2021-01-12T15:55:29+00:00,1,BatchId:4301018;OriginalHitTemplateId:928390875;,120,604800,2021-01-19T15:55:29+00:00,,,3QUO65DNQUOTCXB52HIEZAXH8PROUB,A1A54WJYUD4ZMK,Submitted,2021-01-12T16:04:12+00:00,2021-01-12T16:05:44+00:00,2021-01-19T16:05:44+00:00,,,,92,0% (0/0),0% (0/0),0% (0/0),512982,http://farm8.staticflickr.com/7144/6428689787_13de1b9a91_z.jpg,NoChair,196754,http://farm4.staticflickr.com/3245/2612355525_fe47109fe5_z.jpg,Chair,326073,http://farm3.staticflickr.com/2524/4090828789_1e8191bc4b_z.jpg,NoChair,91839,http://farm8.staticflickr.com/7291/8743850462_20ac91027b_z.jpg,Chair,391297,http://farm9.staticflickr.com/8506/8573125349_1f8a5e6e05_z.jpg,NoChair,,,2021-01-12T16:05:31.356Z,2021-01-12T16:05:44.059Z,2021-01-12T16:05:22.960Z,2021-01-12T16:05:34.983Z,2021-01-12T16:05:38.881Z,2021-01-12T16:05:02.591Z,2021-01-12T16:05:18.008Z,Win32,en-US,Tue Jan 12 2021 10:05:02 GMT-0600 (Central Standard Time),2021-01-12T16:05:44.059Z,NoChair,Chair,Chair,Chair,Chair,1,1,0,1,0,3
33TGB4G0LPHYK9CED1AZP76L2PXXTE,3TLBHISGTOL6I2JNWXXGPLITY7PABT,Decide if these images contain a chair,You see an image. Your task is to decide if there is a chair in this image.,"image, classification",$0.10,2021-01-12T15:55:29+00:00,1,BatchId:4301018;OriginalHitTemplateId:928390875;,120,604800,2021-01-19T15:55:29+00:00,,,3YDGXNSEOZURA7UAGU20PK9NU7Z845,A2WS07SCLNP1GV,Submitted,2021-01-12T15:58:19+00:00,2021-01-12T15:59:05+00:00,2021-01-19T15:59:05+00:00,,,,46,0% (0/0),0% (0/0),0% (0/0),496009,http://farm8.staticflickr.com/7103/6972662922_bf5e67fc32_z.jpg,NoChair,447170,http://farm9.staticflickr.com/8216/8311726625_03777dcb2e_z.jpg,NoChair,219458,http://farm5.staticflickr.com/4050/5168645188_cd5e28ccd2_z.jpg,Chair,269726,http://farm1.staticflickr.com/14/21708048_21d561c523_z.jpg,NoChair,377019,http://farm3.staticflickr.com/2377/2201282344_513146e097_z.jpg,Chair,,,2021-01-12T15:58:57.171Z,2021-01-12T15:59:06.709Z,2021-01-12T15:59:05.363Z,2021-01-12T15:59:01.210Z,2021-01-12T15:58:52.516Z,2021-01-12T15:58:29.168Z,2021-01-12T15:58:39.568Z,Win32,en-US,Tue Jan 12 2021 10:58:29 GMT-0500 (Eastern Standard Time),2021-01-12T15:59:06.709Z,NoChair,NoChair,Chair,NoChair,Chair,1,1,1,1,1,5
3Y40HMYLL1IDKMR3D609U3SNL34XU5,3TLBHISGTOL6I2JNWXXGPLITY7PABT,Decide if these images contain a chair,You see an image. Your task is to decide if there is a chair in this image.,"image, classification",$0.10,2021-01-12T15:55:29+00:00,1,BatchId:4301018;OriginalHitTemplateId:928390875;,120,604800,2021-01-19T15:55:29+00:00,,,351SEKWQS0HJVSF736DCX64ORPHMDK,A002160837SWJFPIAI7L7,Submitted,2021-01-12T16:02:26+00:00,2021-01-12T16:02:36+00:00,2021-01-19T16:02:36+00:00,,,,10,0% (0/0),0% (0/0),0% (0/0),207234,http://farm4.staticflickr.com/3688/9153980289_fda2d75fc1_z.jpg,NoChair,343881,http://farm9.staticflickr.com/8334/8115006863_a57470a319_z.jpg,NoChair,13576,http://farm3.staticflickr.com/2824/9011731713_ded0cfcb35_z.jpg,Chair,254420,http://farm1.staticflickr.com/207/492541131_12bcf1b35a_z.jpg,NoChair,364797,http://farm9.staticflickr.com/8066/8199534202_47c46870ab_z.jpg,NoChair,,,2021-01-12T16:02:28.605Z,2021-01-12T16:02:31.525Z,2021-01-12T16:02:29.773Z,2021-01-12T16:02:35.183Z,2021-01-12T16:02:33.298Z,2021-01-12T16:02:25.688Z,2021-01-12T16:02:27.467Z,Win32,en-US,Tue Jan 12 2021 11:02:25 GMT-0500 (Eastern Standard Time),2021-01-12T16:02:35.183Z,NoChair,NoChair,Chair,NoChair,NoChair,1,1,1,1,1,5
36QZ6V1589D5O554JWUMVVBV6O2USU,3TLBHISGTOL6I2JNWXXGPLITY7PABT,Decide if these images contain a chair,You see an image. Your task is to decide if there is a chair in this image.,"image, classification",$0.10,2021-01-12T15:55:29+00:00,1,BatchId:4301018;OriginalHitTemplateId:928390875;,120,604800,2021-01-19T15:55:29+00:00,,,34S6N1K2ZVJG1Q2OPQVNOE4XJCLLHR,A9JPMRRBFO4NL,Submitted,2021-01-12T16:05:55+00:00,2021-01-12T16:07:13+00:00,2021-01-19T16:07:13+00:00,,,,78,0% (0/0),0% (0/0),0% (0/0),185051,http://farm6.staticflickr.com/5521/9260216612_d9c5c1244f_z.jpg,Chair,578523,http://farm3.staticflickr.com/2044/2136694312_6c159a8836_z.jpg,Chair,490087,http://farm4.staticflickr.com/3822/9344887647_6fec324704_z.jpg,NoChair,259572,http://farm1.staticflickr.com/8/8919538_d81f5e3437_z.jpg,NoChair,222702,http://farm5.staticflickr.com/4020/4503347340_d82409e8bb_z.jpg,Chair,,,2021-01-12T16:06:21.984Z,2021-01-12T16:07:13.553Z,2021-01-12T16:07:00.742Z,2021-01-12T16:06:15.027Z,2021-01-12T16:06:27.669Z,2021-01-12T16:05:56.833Z,2021-01-12T16:06:08.614Z,Win32,en-US,Tue Jan 12 2021 10:05:56 GMT-0600 (Central Standard Time),2021-01-12T16:07:13.553Z,NoChair,Chair,NoChair,NoChair,Chair,0,1,1,1,1,4
3ZLW647WALVSKCBNAXJFH48RVHK23S,3TLBHISGTOL6I2JNWXXGPLITY7PABT,Decide if these images contain a chair,You see an image. Your task is to decide if there is a chair in this image.,"image, classification",$0.10,2021-01-12T15:55:29+00:00,1,BatchId:4301018;OriginalHitTemplateId:928390875;,120,604800,2021-01-19T15:55:29+00:00,,,3QILPRALQ5VDWF4GYZHWOTFNLOU8N0,A2DYXKOHDDY9EG,Submitted,2021-01-12T15:58:58+00:00,2021-01-12T16:00:01+00:00,2021-01-19T16:00:01+00:00,,,,63,0% (0/0),0% (0/0),0% (0/0),399382,http://farm4.staticflickr.com/3129/2740064613_e305265cab_z.jpg,NoChair,549649,http://farm4.staticflickr.com/3269/2979860425_beb5b9618e_z.jpg,Chair,447993,http://farm3.staticflickr.com/2641/4215949904_35db309c2e_z.jpg,NoChair,428867,http://farm1.staticflickr.com/138/327208768_24ddef1efd_z.jpg,Chair,355182,http://farm3.staticflickr.com/2856/10027432103_29dbd96a02_z.jpg,NoChair,,,2021-01-12T15:59:15.085Z,2021-01-12T16:00:00.621Z,2021-01-12T15:59:51.717Z,2021-01-12T15:59:09.762Z,2021-01-12T15:59:22.745Z,2021-01-12T15:59:00.385Z,2021-01-12T15:59:04.497Z,Win32,en-US,Tue Jan 12 2021 10:59:00 GMT-0500 (Eastern Standard Time),2021-01-12T16:00:00.621Z,NoChair,NoChair,Chair,Chair,NoChair,1,0,0,1,1,3
3MXX6RQ9EV59UFVXC9ZANM8QKR84P2,3TLBHISGTOL6I2JNWXXGPLITY7PABT,Decide if these images contain a chair,You see an image. Your task is to decide if there is a chair in this image.,"image, classification",$0.10,2021-01-12T15:55:29+00:00,1,BatchId:4301018;OriginalHitTemplateId:928390875;,120,604800,2021-01-19T15:55:29+00:00,,,3F6KKYWMNB1PDA07F7SCALTOWFRDNB,A1XOHSE8GG1FD2,Submitted,2021-01-12T16:01:53+00:00,2021-01-12T16:02:41+00:00,2021-01-19T16:02:41+00:00,,,,48,0% (0/0),0% (0/0),0% (0/0),227724,http://farm8.staticflickr.com/7237/7184690848_8d1a29ccf4_z.jpg,NoChair,201184,http://farm7.staticflickr.com/6064/6065721705_8511ef4624_z.jpg,NoChair,11742,http://farm8.staticflickr.com/7101/7236071208_b78510867a_z.jpg,NoChair,238065,http://farm4.staticflickr.com/3551/3321013357_7ca1acfbba_z.jpg,Chair,393068,http://farm4.staticflickr.com/3153/2292791866_1c0ba370eb_z.jpg,NoChair,,,2021-01-12T16:02:21.861Z,2021-01-12T16:02:29.770Z,2021-01-12T16:02:14.653Z,2021-01-12T16:02:33.676Z,2021-01-12T16:02:40.824Z,2021-01-12T16:01:55.084Z,2021-01-12T16:02:02.247Z,MacIntel,en-US,Tue Jan 12 2021 10:01:55 GMT-0600 (Central Standard Time),2021-01-12T16:02:40.824Z,NoChair,Chair,NoChair,Chair,NoChair,1,0,1,1,1,4
3ODOP6T3ASKD28URABOYR90X9HG24D,3TLBHISGTOL6I2JNWXXGPLITY7PABT,Decide if these images contain a chair,You see an image. Your task is to decide if there is a chair in this image.,"image, classification",$0.10,2021-01-12T15:55:29+00:00,1,BatchId:4301018;OriginalHitTemplateId:928390875;,120,604800,2021-01-19T15:55:29+00:00,,,3907X2AHF052DLE4YXLNIR7FZ32P29,A16SEKJCIC6HUS,Submitted,2021-01-12T15:56:49+00:00,2021-01-12T15:57:49+00:00,2021-01-19T15:57:49+00:00,,,,60,0% (0/0),0% (0/0),0% (0/0),302030,http://farm8.staticflickr.com/7105/6911466610_534bb11322_z.jpg,Chair,247545,http://farm4.staticflickr.com/3489/3224278859_18cd76af5c_z.jpg,Chair,111943,http://farm6.staticflickr.com/5328/9321435860_b16fe98879_z.jpg,Chair,340145,http://farm4.staticflickr.com/3315/4579361887_ed9c778b3c_z.jpg,Chair,473765,http://farm3.staticflickr.com/2783/4198087453_ac096f5d3f_z.jpg,NoChair,,,2021-01-12T15:57:36.400Z,2021-01-12T15:57:24.017Z,2021-01-12T15:57:45.601Z,2021-01-12T15:57:41.328Z,2021-01-12T15:57:29.232Z,2021-01-12T15:57:03.254Z,2021-01-12T15:57:16.937Z,Win32,en-US,Tue Jan 12 2021 10:57:03 GMT-0500 (Eastern Standard Time),2021-01-12T15:57:45.601Z,Chair,NoChair,Chair,Chair,NoChair,1,0,1,1,1,4
31KPKEKW4ADQRXCMA3U7GZDOMBD0BX,3TLBHISGTOL6I2JNWXXGPLITY7PABT,Decide if these images contain a chair,You see an image. Your task is to decide if there is a chair in this image.,"image, classification",$0.10,2021-01-12T15:55:29+00:00,1,BatchId:4301018;OriginalHitTemplateId:928390875;,120,604800,2021-01-19T15:55:29+00:00,,,358010RM5ETGJLEX8YFFE9QTY04VXB,A2DYXKOHDDY9EG,Submitted,2021-01-12T15:58:26+00:00,2021-01-12T15:58:58+00:00,2021-01-19T15:58:58+00:00,,,,32,0% (0/0),0% (0/0),0% (0/0),406792,http://farm5.staticflickr.com/4100/4884062442_e903d87cd4_z.jpg,Chair,46155,http://farm8.staticflickr.com/7138/7519439720_c99eed2bea_z.jpg,Chair,457037,http://farm2.staticflickr.com/1379/1260382305_2869588d83_z.jpg,Chair,298547,http://farm7.staticflickr.com/6204/6092909380_8006fe596f_z.jpg,Chair,233485,http://farm6.staticflickr.com/5287/5339938035_e2daf9c71f_z.jpg,NoChair,,,2021-01-12T15:58:53.489Z,2021-01-12T15:58:37.025Z,2021-01-12T15:58:57.688Z,2021-01-12T15:58:48.767Z,2021-01-12T15:58:43.442Z,2021-01-12T15:58:26.798Z,2021-01-12T15:58:30.479Z,Win32,en-US,Tue Jan 12 2021 10:58:26 GMT-0500 (Eastern Standard Time),2021-01-12T15:58:57.688Z,Chair,Chair,Chair,Chair,NoChair,1,1,1,1,1,5
3YD0MU1NC21ZQY7EPOFK0335C7YA7C,3TLBHISGTOL6I2JNWXXGPLITY7PABT,Decide if these images contain a chair,You see an image. Your task is to decide if there is a chair in this image.,"image, classification",$0.10,2021-01-12T15:55:29+00:00,1,BatchId:4301018;OriginalHitTemplateId:928390875;,120,604800,2021-01-19T15:55:29+00:00,,,3YJ6NA41JBG2JHCC5IRFH8TW1EPJPR,A002160837SWJFPIAI7L7,Submitted,2021-01-12T16:01:48+00:00,2021-01-12T16:02:04+00:00,2021-01-19T16:02:04+00:00,,,,16,0% (0/0),0% (0/0),0% (0/0),505876,http://farm2.staticflickr.com/1149/4721318426_82bddd9397_z.jpg,NoChair,6357,http://farm9.staticflickr.com/8044/8104497586_72fe7d2c0d_z.jpg,NoChair,56007,http://farm3.staticflickr.com/2690/4017255578_8d2290704d_z.jpg,Chair,568137,http://farm5.staticflickr.com/4045/4549052421_db45d9886b_z.jpg,NoChair,239157,http://farm3.staticflickr.com/2385/2049661396_bf06451744_z.jpg,NoChair,,,2021-01-12T16:02:01.852Z,2021-01-12T16:02:03.320Z,2021-01-12T16:01:57.769Z,2021-01-12T16:01:59.597Z,2021-01-12T16:02:00.950Z,2021-01-12T16:01:47.550Z,2021-01-12T16:01:53.440Z,Win32,en-US,Tue Jan 12 2021 11:01:47 GMT-0500 (Eastern Standard Time),2021-01-12T16:02:03.320Z,NoChair,NoChair,Chair,NoChair,NoChair,1,1,1,1,1,5
3YZ7A3YHR5TO3QFPIVMENJJF779S5A,3TLBHISGTOL6I2JNWXXGPLITY7PABT,Decide if these images contain a chair,You see an image. Your task is to decide if there is a chair in this image.,"image, classification",$0.10,2021-01-12T15:55:29+00:00,1,BatchId:4301018;OriginalHitTemplateId:928390875;,120,604800,2021-01-19T15:55:29+00:00,,,3YZ8UPK3VTMS38E2CC9N4A30JB8UCK,A2Q09LYMRLJW48,Submitted,2021-01-12T16:01:42+00:00,2021-01-12T16:02:33+00:00,2021-01-19T16:02:33+00:00,,,,51,0% (0/0),0% (0/0),0% (0/0),375464,http://farm9.staticflickr.com/8351/8315131764_3a25a527f7_z.jpg,NoChair,182775,http://farm4.staticflickr.com/3255/3161248505_8601edb714_z.jpg,NoChair,351403,http://farm9.staticflickr.com/8487/8215795248_4290c01be9_z.jpg,NoChair,279145,http://farm5.staticflickr.com/4057/4597170077_ba86f04dab_z.jpg,NoChair,103332,http://farm2.staticflickr.com/1028/1164319742_5e9c6228c7_z.jpg,Chair,,,2021-01-12T16:02:27.731Z,2021-01-12T16:02:15.480Z,2021-01-12T16:02:34.643Z,2021-01-12T16:02:21.666Z,2021-01-12T16:02:09.667Z,2021-01-12T16:01:44.785Z,2021-01-12T16:02:00.503Z,Win32,en-US,Tue Jan 12 2021 10:01:44 GMT-0600 (Central Standard Time),2021-01-12T16:02:34.643Z,NoChair,NoChair,NoChair,NoChair,Chair,1,1,1,1,1,5
39O6Z4JLX2XDX1G3IWAEQPU6ZADXVU,3TLBHISGTOL6I2JNWXXGPLITY7PABT,Decide if these images contain a chair,You see an image. Your task is to decide if there is a chair in this image.,"image, classification",$0.10,2021-01-12T15:55:29+00:00,1,BatchId:4301018;OriginalHitTemplateId:928390875;,120,604800,2021-01-19T15:55:29+00:00,,,3RXPCZQMQPBPBN39CAVMJZJI6631G2,A25FHFTKE1TYA5,Submitted,2021-01-12T16:02:06+00:00,2021-01-12T16:03:55+00:00,2021-01-19T16:03:55+00:00,,,,109,0% (0/0),0% (0/0),0% (0/0),301671,http://farm9.staticflickr.com/8249/8525575685_593e20a343_z.jpg,Chair,555217,http://farm1.staticflickr.com/51/136475859_69dbe3d5b7_z.jpg,NoChair,475593,http://farm9.staticflickr.com/8456/8047342107_5f1526710e_z.jpg,Chair,243199,http://farm3.staticflickr.com/2240/2387644046_73cfeb9216_z.jpg,NoChair,179960,http://farm7.staticflickr.com/6070/6052100133_4c1eb6b416_z.jpg,Chair,,,2021-01-12T16:03:39.443Z,2021-01-12T16:03:56.686Z,2021-01-12T16:03:48.917Z,2021-01-12T16:03:52.429Z,2021-01-12T16:03:35.554Z,2021-01-12T16:02:11.010Z,2021-01-12T16:03:27.067Z,Win32,en-US,Tue Jan 12 2021 08:02:11 GMT-0800 (Pacific Standard Time),2021-01-12T16:03:56.686Z,Chair,NoChair,NoChair,NoChair,Chair,1,1,0,1,1,4
389A2A304OI9124SO3Q2RJJ64WD0C4,3TLBHISGTOL6I2JNWXXGPLITY7PABT,Decide if these images contain a chair,You see an image. Your task is to decide if there is a chair in this image.,"image, classification",$0.10,2021-01-12T15:55:29+00:00,1,BatchId:4301018;OriginalHitTemplateId:928390875;,120,604800,2021-01-19T15:55:29+00:00,,,3TU5ZICBRD1YZCH8ER9DSNASQZH8QN,A34U4186EW0B9X,Submitted,2021-01-12T15:59:03+00:00,2021-01-12T16:00:04+00:00,2021-01-19T16:00:04+00:00,,,,61,0% (0/0),0% (0/0),0% (0/0),520879,http://farm4.staticflickr.com/3183/3076377475_62e2c61f39_z.jpg,Chair,535795,http://farm4.staticflickr.com/3650/3555393821_88a8074900_z.jpg,NoChair,43664,http://farm8.staticflickr.com/7353/9722325152_b28853088e_z.jpg,NoChair,510735,http://farm8.staticflickr.com/7148/6429288675_6fb97fe9df_z.jpg,Chair,338746,http://farm6.staticflickr.com/5143/5596077177_a1ca45d96b_z.jpg,Chair,,,2021-01-12T15:59:50.123Z,2021-01-12T15:59:54.417Z,2021-01-12T16:00:03.865Z,2021-01-12T15:59:44.786Z,2021-01-12T15:59:59.905Z,2021-01-12T15:59:23.086Z,2021-01-12T15:59:34.119Z,Win32,en-US,Tue Jan 12 2021 10:59:23 GMT-0500 (Eastern Standard Time),2021-01-12T16:00:03.865Z,Chair,Chair,NoChair,Chair,Chair,1,0,1,1,1,4
3SBX2M1TKDNUURWCCMEZNRY0PNU4QT,3TLBHISGTOL6I2JNWXXGPLITY7PABT,Decide if these images contain a chair,You see an image. Your task is to decide if there is a chair in this image.,"image, classification",$0.10,2021-01-12T15:55:29+00:00,1,BatchId:4301018;OriginalHitTemplateId:928390875;,120,604800,2021-01-19T15:55:29+00:00,,,3TPWUS5F8915VC377COOMYOX4RJWCL,A5X74I5OICJT9,Submitted,2021-01-12T16:00:48+00:00,2021-01-12T16:02:31+00:00,2021-01-19T16:02:31+00:00,,,,103,0% (0/0),0% (0/0),0% (0/0),322239,http://farm3.staticflickr.com/2600/4044056344_6849952903_z.jpg,NoChair,185502,http://farm8.staticflickr.com/7395/9961325523_afdd606a42_z.jpg,NoChair,193042,http://farm5.staticflickr.com/4046/4174993981_60f34271b7_z.jpg,NoChair,321344,http://farm8.staticflickr.com/7368/9353537498_294534456d_z.jpg,NoChair,342479,http://farm9.staticflickr.com/8468/8130951412_4e863bd12f_z.jpg,Chair,,,2021-01-12T16:02:24.616Z,2021-01-12T16:02:11.976Z,2021-01-12T16:02:19.047Z,2021-01-12T16:02:15.663Z,2021-01-12T16:02:28.143Z,2021-01-12T16:01:55.772Z,2021-01-12T16:02:05.690Z,Win32,en-US,Tue Jan 12 2021 11:01:55 GMT-0500 (Eastern Standard Time),2021-01-12T16:02:28.143Z,NoChair,NoChair,Chair,NoChair,Chair,1,1,0,1,1,4
3G57RS03HH5VYRYROG78W16B9DB25I,3TLBHISGTOL6I2JNWXXGPLITY7PABT,Decide if these images contain a chair,You see an image. Your task is to decide if there is a chair in this image.,"image, classification",$0.10,2021-01-12T15:55:29+00:00,1,BatchId:4301018;OriginalHitTemplateId:928390875;,120,604800,2021-01-19T15:55:29+00:00,,,3KGTPGBS6XLF5QM0FJKHSXUE7KX2UL,A1TEXCUTI4IUUN,Submitted,2021-01-12T16:12:23+00:00,2021-01-12T16:13:16+00:00,2021-01-19T16:13:16+00:00,,,,53,0% (0/0),0% (0/0),0% (0/0),517246,http://farm8.staticflickr.com/7377/9743159234_8191ef9f9f_z.jpg,NoChair,420914,http://farm2.staticflickr.com/1267/1063956154_7487e34e40_z.jpg,Chair,275793,http://farm3.staticflickr.com/2345/2343274123_c171a3d309_z.jpg,NoChair,269738,http://farm9.staticflickr.com/8360/8363733790_48dc3138a5_z.jpg,NoChair,265777,http://farm4.staticflickr.com/3820/9108526928_318582cc7f_z.jpg,NoChair,,,2021-01-12T16:12:59.197Z,2021-01-12T16:13:16.643Z,2021-01-12T16:13:02.684Z,2021-01-12T16:13:10.670Z,2021-01-12T16:13:07.378Z,2021-01-12T16:12:45.713Z,2021-01-12T16:12:56.954Z,Win32,es-ES,Tue Jan 12 2021 12:12:45 GMT-0400 (Venezuela Time),2021-01-12T16:13:16.643Z,NoChair,Chair,NoChair,NoChair,NoChair,1,1,1,1,1,5
37VHPF5VYC3RJR9VJ73HKYPONUPC83,3TLBHISGTOL6I2JNWXXGPLITY7PABT,Decide if these images contain a chair,You see an image. Your task is to decide if there is a chair in this image.,"image, classification",$0.10,2021-01-12T15:55:29+00:00,1,BatchId:4301018;OriginalHitTemplateId:928390875;,120,604800,2021-01-19T15:55:29+00:00,,,345LHZDEDXS4Q8IJJJYMB7Z6DYUU3L,A2DYXKOHDDY9EG,Submitted,2021-01-12T15:56:38+00:00,2021-01-12T15:58:19+00:00,2021-01-19T15:58:19+00:00,,,,101,0% (0/0),0% (0/0),0% (0/0),6921,http://farm8.staticflickr.com/7044/6900190280_4b2cb5bd51_z.jpg,NoChair,123799,http://farm5.staticflickr.com/4061/4701207999_d53b52cfcd_z.jpg,Chair,347228,http://farm5.staticflickr.com/4007/4618112310_f7cc329920_z.jpg,Chair,138204,http://farm3.staticflickr.com/2320/2091764615_f168a4e968_z.jpg,NoChair,325873,http://farm4.staticflickr.com/3019/5845939349_b6b466579a_z.jpg,NoChair,,,2021-01-12T15:58:18.597Z,2021-01-12T15:57:22.312Z,2021-01-12T15:58:10.667Z,2021-01-12T15:57:51.119Z,2021-01-12T15:58:02.311Z,2021-01-12T15:56:39.357Z,2021-01-12T15:57:16.383Z,Win32,en-US,Tue Jan 12 2021 10:56:39 GMT-0500 (Eastern Standard Time),2021-01-12T15:58:18.597Z,NoChair,Chair,Chair,NoChair,NoChair,1,1,1,1,1,5
32LAQ1JNT9P635IJ8WZC507H87GUTJ,3TLBHISGTOL6I2JNWXXGPLITY7PABT,Decide if these images contain a chair,You see an image. Your task is to decide if there is a chair in this image.,"image, classification",$0.10,2021-01-12T15:55:29+00:00,1,BatchId:4301018;OriginalHitTemplateId:928390875;,120,604800,2021-01-19T15:55:29+00:00,,,3X4JMASXCM9TDHAG05Z84J9BL140BG,A16SEKJCIC6HUS,Submitted,2021-01-12T15:58:58+00:00,2021-01-12T16:00:34+00:00,2021-01-19T16:00:34+00:00,,,,96,0% (0/0),0% (0/0),0% (0/0),213599,http://farm9.staticflickr.com/8244/8552783843_7073765b47_z.jpg,Chair,551657,http://farm6.staticflickr.com/5492/9075051966_2b73fff4e5_z.jpg,NoChair,413736,http://farm1.staticflickr.com/23/89721544_0c3845a923_z.jpg,NoChair,282711,http://farm1.staticflickr.com/40/125868177_f857b0378c_z.jpg,Chair,68155,http://farm8.staticflickr.com/7203/6892722499_5587564338_z.jpg,NoChair,,,2021-01-12T16:00:22.719Z,2021-01-12T16:00:31.871Z,2021-01-12T16:00:25.303Z,2021-01-12T16:00:27.535Z,2021-01-12T16:00:18.536Z,2021-01-12T15:59:47.679Z,2021-01-12T16:00:15.863Z,Win32,en-US,Tue Jan 12 2021 10:59:47 GMT-0500 (Eastern Standard Time),2021-01-12T16:00:31.871Z,NoChair,NoChair,NoChair,Chair,NoChair,0,1,1,1,1,4
3XUSYT70IT1J6UA6OZLDBP1OPWP0D4,3TLBHISGTOL6I2JNWXXGPLITY7PABT,Decide if these images contain a chair,You see an image. Your task is to decide if there is a chair in this image.,"image, classification",$0.10,2021-01-12T15:55:30+00:00,1,BatchId:4301018;OriginalHitTemplateId:928390875;,120,604800,2021-01-19T15:55:30+00:00,,,3PEIJLRY6TTTYAE2Y8KB0B97596XWN,A22AWJWQF7414N,Submitted,2021-01-12T16:00:12+00:00,2021-01-12T16:01:51+00:00,2021-01-19T16:01:51+00:00,,,,99,0% (0/0),0% (0/0),0% (0/0),23451,http://farm3.staticflickr.com/2833/9765458514_693d99ddf8_z.jpg,NoChair,495149,http://farm1.staticflickr.com/225/505324378_2707a08c12_z.jpg,Chair,236057,http://farm1.staticflickr.com/47/134273400_a405e0c3ff_z.jpg,NoChair,433822,http://farm3.staticflickr.com/2843/9267490538_c697f54a32_z.jpg,NoChair,349103,http://farm3.staticflickr.com/2037/2439971453_d25108ebce_z.jpg,Chair,,,2021-01-12T16:01:25.213Z,2021-01-12T16:01:29.298Z,2021-01-12T16:01:21.095Z,2021-01-12T16:01:37.262Z,2021-01-12T16:01:49.964Z,2021-01-12T16:00:52.353Z,2021-01-12T16:01:15.549Z,Win32,en-US,Tue Jan 12 2021 10:00:52 GMT-0600 (Central Standard Time),2021-01-12T16:01:49.964Z,NoChair,Chair,NoChair,NoChair,Chair,1,1,1,1,1,5
3ICOHX7ENCBOY0O6KUWXH7J9P8Q0EX,3TLBHISGTOL6I2JNWXXGPLITY7PABT,Decide if these images contain a chair,You see an image. Your task is to decide if there is a chair in this image.,"image, classification",$0.10,2021-01-12T15:55:30+00:00,1,BatchId:4301018;OriginalHitTemplateId:928390875;,120,604800,2021-01-19T15:55:30+00:00,,,31LM9EDVOLS2GW0ZP3ENDJO11ZOJNV,A2BSULOV6QDJ0P,Submitted,2021-01-12T16:01:41+00:00,2021-01-12T16:02:28+00:00,2021-01-19T16:02:28+00:00,,,,47,0% (0/0),0% (0/0),0% (0/0),473575,http://farm1.staticflickr.com/192/503952062_cae0efc6e2_z.jpg,NoChair,78663,http://farm8.staticflickr.com/7314/9272235993_85ccf56b83_z.jpg,NoChair,277326,http://farm8.staticflickr.com/7252/7478489096_02f18c4c37_z.jpg,Chair,296997,http://farm9.staticflickr.com/8254/8621491082_03ae07324b_z.jpg,NoChair,573132,http://farm9.staticflickr.com/8428/7722572846_a2060713d7_z.jpg,Chair,,,2021-01-12T16:02:04.392Z,2021-01-12T16:02:27.516Z,2021-01-12T16:02:23.436Z,2021-01-12T16:02:07.980Z,2021-01-12T16:01:57.161Z,2021-01-12T16:01:41.710Z,2021-01-12T16:01:50.132Z,Win32,en-US,Tue Jan 12 2021 11:01:41 GMT-0500 (Eastern Standard Time),2021-01-12T16:02:27.516Z,Chair,NoChair,NoChair,NoChair,Chair,0,1,0,1,1,3
36BTXXLZ2V8U6SBCP13ZSH85L9W4RU,3TLBHISGTOL6I2JNWXXGPLITY7PABT,Decide if these images contain a chair,You see an image. Your task is to decide if there is a chair in this image.,"image, classification",$0.10,2021-01-12T15:55:30+00:00,1,BatchId:4301018;OriginalHitTemplateId:928390875;,120,604800,2021-01-19T15:55:30+00:00,,,3NGMS9VZTLIAN21M8P4PQGN061LFFH,A22AWJWQF7414N,Submitted,2021-01-12T15:59:06+00:00,2021-01-12T16:00:48+00:00,2021-01-19T16:00:48+00:00,,,,102,0% (0/0),0% (0/0),0% (0/0),428576,http://farm9.staticflickr.com/8048/8117137390_78b71ef97e_z.jpg,Chair,393814,http://farm3.staticflickr.com/2568/3919758209_47befc2ec2_z.jpg,Chair,540831,http://farm4.staticflickr.com/3069/3114182134_b09d393af6_z.jpg,NoChair,114153,http://farm8.staticflickr.com/7201/6912970403_90767838b9_z.jpg,NoChair,327979,http://farm9.staticflickr.com/8391/8573646068_e9282eff77_z.jpg,NoChair,,,2021-01-12T16:00:30.669Z,2021-01-12T16:00:40.839Z,2021-01-12T16:00:44.858Z,2021-01-12T16:00:47.799Z,2021-01-12T16:00:35.135Z,2021-01-12T16:00:04.271Z,2021-01-12T16:00:22.919Z,Win32,en-US,Tue Jan 12 2021 10:00:04 GMT-0600 (Central Standard Time),2021-01-12T16:00:47.799Z,Chair,Chair,NoChair,NoChair,NoChair,1,1,1,1,1,5
3T2HW4QDUV7RXWS5OZ9VKUKZ707C9S,3TLBHISGTOL6I2JNWXXGPLITY7PABT,Decide if these images contain a chair,You see an image. Your task is to decide if there is a chair in this image.,"image, classification",$0.10,2021-01-12T15:55:30+00:00,1,BatchId:4301018;OriginalHitTemplateId:928390875;,120,604800,2021-01-19T15:55:30+00:00,,,39KFRKBFINVAT6VACIF32V3U4D1OY8,AAQREZOK13OV7,Submitted,2021-01-12T15:55:44+00:00,2021-01-12T15:57:33+00:00,2021-01-19T15:57:33+00:00,,,,109,0% (0/0),0% (0/0),0% (0/0),167028,http://farm8.staticflickr.com/7166/6745348857_3c06cab33e_z.jpg,Chair,60515,http://farm1.staticflickr.com/31/95199151_84e0237303_z.jpg,NoChair,196138,http://farm3.staticflickr.com/2682/4407113177_34d6d5401c_z.jpg,NoChair,388255,http://farm1.staticflickr.com/108/278855162_3402f8c52f_z.jpg,Chair,532799,http://farm5.staticflickr.com/4005/4340840789_7b296f917d_z.jpg,NoChair,,,2021-01-12T15:57:29.915Z,2021-01-12T15:57:28.695Z,2021-01-12T15:57:23.266Z,2021-01-12T15:57:16.627Z,2021-01-12T15:57:25.912Z,2021-01-12T15:57:02.788Z,2021-01-12T15:57:10.396Z,Win32,en-US,Tue Jan 12 2021 10:57:02 GMT-0500 (Eastern Standard Time),2021-01-12T15:57:29.915Z,Chair,Chair,NoChair,Chair,NoChair,1,0,1,1,1,4
3YKP7CX6G2F498C6V2FGVENBUPJ7B4,3TLBHISGTOL6I2JNWXXGPLITY7PABT,Decide if these images contain a chair,You see an image. Your task is to decide if there is a chair in this image.,"image, classification",$0.10,2021-01-12T15:55:30+00:00,1,BatchId:4301018;OriginalHitTemplateId:928390875;,120,604800,2021-01-19T15:55:30+00:00,,,3NQL1CS15R85JQ47DU1HXNX206ZYVL,A2ODQ8SXX5HTZV,Submitted,2021-01-12T16:01:58+00:00,2021-01-12T16:03:05+00:00,2021-01-19T16:03:05+00:00,,,,67,0% (0/0),0% (0/0),0% (0/0),176192,http://farm3.staticflickr.com/2531/3984619792_c79edd63b2_z.jpg,Chair,14367,http://farm5.staticflickr.com/4107/4967031315_6f7aeb89b0_z.jpg,Chair,314864,http://farm9.staticflickr.com/8384/8514245385_9c62da058a_z.jpg,NoChair,123512,http://farm4.staticflickr.com/3085/2557325046_c42fc2119c_z.jpg,NoChair,164091,http://farm7.staticflickr.com/6206/6034064036_e54daa5c04_z.jpg,NoChair,,,2021-01-12T16:02:58.403Z,2021-01-12T16:02:39.808Z,2021-01-12T16:02:44.755Z,2021-01-12T16:02:51.643Z,2021-01-12T16:03:03.170Z,2021-01-12T16:01:58.051Z,2021-01-12T16:02:33.994Z,Win32,en-US,Tue Jan 12 2021 10:01:58 GMT-0600 (Central Standard Time),2021-01-12T16:03:03.170Z,Chair,NoChair,NoChair,NoChair,NoChair,1,0,1,1,1,4
3QI9WAYOGQBKMUF3NEWJFPXF32KS6Q,3TLBHISGTOL6I2JNWXXGPLITY7PABT,Decide if these images contain a chair,You see an image. Your task is to decide if there is a chair in this image.,"image, classification",$0.10,2021-01-12T15:55:30+00:00,1,BatchId:4301018;OriginalHitTemplateId:928390875;,120,604800,2021-01-19T15:55:30+00:00,,,3DYGAII7PL8J54GP08BOE95IF9HQPP,A5X74I5OICJT9,Submitted,2021-01-12T16:00:12+00:00,2021-01-12T16:01:54+00:00,2021-01-19T16:01:54+00:00,,,,102,0% (0/0),0% (0/0),0% (0/0),571835,http://farm5.staticflickr.com/4152/5196325445_9788d2850c_z.jpg,NoChair,242847,http://farm4.staticflickr.com/3361/3484173483_49b5f04b49_z.jpg,Chair,445334,http://farm8.staticflickr.com/7047/8688349939_6b61373dba_z.jpg,Chair,301160,http://farm4.staticflickr.com/3544/3652441562_14049fb801_z.jpg,Chair,561500,http://farm3.staticflickr.com/2578/5816467500_5ba0898f5f_z.jpg,Chair,,,2021-01-12T16:01:34.419Z,2021-01-12T16:01:38.705Z,2021-01-12T16:01:50.073Z,2021-01-12T16:01:45.712Z,2021-01-12T16:01:41.721Z,2021-01-12T16:00:34.100Z,2021-01-12T16:01:27.553Z,Win32,en-US,Tue Jan 12 2021 11:00:34 GMT-0500 (Eastern Standard Time),2021-01-12T16:01:50.073Z,NoChair,Chair,Chair,NoChair,NoChair,1,1,1,0,0,3
302OLP89DZ752F2AG5NVGPVJDIPCA7,3TLBHISGTOL6I2JNWXXGPLITY7PABT,Decide if these images contain a chair,You see an image. Your task is to decide if there is a chair in this image.,"image, classification",$0.10,2021-01-12T15:55:30+00:00,1,BatchId:4301018;OriginalHitTemplateId:928390875;,120,604800,2021-01-19T15:55:30+00:00,,,3JPSL1DZ5SZRF3XVVX1AKKLIBCUNAJ,A1TEXCUTI4IUUN,Submitted,2021-01-12T16:04:48+00:00,2021-01-12T16:05:39+00:00,2021-01-19T16:05:39+00:00,,,,51,0% (0/0),0% (0/0),0% (0/0),2431,http://farm8.staticflickr.com/7383/9120002127_dfc92d5b80_z.jpg,NoChair,265908,http://farm8.staticflickr.com/7225/7150855085_5218c2bce5_z.jpg,Chair,545900,http://farm8.staticflickr.com/7297/9480273501_8f52e26a8f_z.jpg,Chair,175336,http://farm8.staticflickr.com/7070/6892748179_e3b45f0322_z.jpg,Chair,8688,http://farm8.staticflickr.com/7091/7177793749_3cb3cb8ce1_z.jpg,NoChair,,,2021-01-12T16:05:37.248Z,2021-01-12T16:05:34.101Z,2021-01-12T16:05:39.357Z,2021-01-12T16:05:30.791Z,2021-01-12T16:05:35.483Z,2021-01-12T16:05:08.974Z,2021-01-12T16:05:23.385Z,Win32,es-ES,Tue Jan 12 2021 12:05:08 GMT-0400 (Venezuela Time),2021-01-12T16:05:39.357Z,NoChair,Chair,NoChair,NoChair,NoChair,1,1,0,0,1,3
3TUOHPJXYHXQCQG886FACRDK6JFXW4,3TLBHISGTOL6I2JNWXXGPLITY7PABT,Decide if these images contain a chair,You see an image. Your task is to decide if there is a chair in this image.,"image, classification",$0.10,2021-01-12T15:55:30+00:00,1,BatchId:4301018;OriginalHitTemplateId:928390875;,120,604800,2021-01-19T15:55:30+00:00,,,3Y5140Z9DXG6O6S6N06F57EWOZ2PIN,A23ONWDSVICDCY,Submitted,2021-01-12T16:19:57+00:00,2021-01-12T16:20:20+00:00,2021-01-19T16:20:20+00:00,,,,23,0% (0/0),0% (0/0),0% (0/0),356174,http://farm8.staticflickr.com/7314/9673212602_72b80fe04d_z.jpg,Chair,486045,http://farm8.staticflickr.com/7159/6403765897_446f3d0a2f_z.jpg,NoChair,540872,http://farm4.staticflickr.com/3112/3223315999_deb8042926_z.jpg,Chair,24625,http://farm4.staticflickr.com/3208/2860874482_fa2bf223d4_z.jpg,Chair,505754,http://farm5.staticflickr.com/4040/4532941137_7bd32801ec_z.jpg,NoChair,,,2021-01-12T16:20:14.760Z,2021-01-12T16:20:19.614Z,2021-01-12T16:20:15.992Z,2021-01-12T16:20:18.172Z,2021-01-12T16:20:17.105Z,2021-01-12T16:20:04.651Z,2021-01-12T16:20:09.775Z,MacIntel,en-US,Tue Jan 12 2021 11:20:04 GMT-0500 (Eastern Standard Time),2021-01-12T16:20:19.614Z,Chair,Chair,Chair,Chair,NoChair,1,0,1,1,1,4
3087LXLJ6MGG4EO2F5G3ZP491950FF,3TLBHISGTOL6I2JNWXXGPLITY7PABT,Decide if these images contain a chair,You see an image. Your task is to decide if there is a chair in this image.,"image, classification",$0.10,2021-01-12T15:55:30+00:00,1,BatchId:4301018;OriginalHitTemplateId:928390875;,120,604800,2021-01-19T15:55:30+00:00,,,3KV0LJBBH2LDW2YCL78W2VLS6Q9MRR,A23ONWDSVICDCY,Submitted,2021-01-12T16:08:50+00:00,2021-01-12T16:10:44+00:00,2021-01-19T16:10:44+00:00,,,,114,0% (0/0),0% (0/0),0% (0/0),431854,http://farm4.staticflickr.com/3025/2640159074_5086448c65_z.jpg,Chair,546311,http://farm9.staticflickr.com/8038/8026779869_972f950d56_z.jpg,NoChair,790,http://farm9.staticflickr.com/8292/7866247804_e0486b75b8_z.jpg,Chair,415787,http://farm7.staticflickr.com/6125/5994953375_7359a23d24_z.jpg,NoChair,333237,http://farm9.staticflickr.com/8343/8243863505_1a1b413d5c_z.jpg,Chair,,,2021-01-12T16:10:41.606Z,2021-01-12T16:10:40.745Z,2021-01-12T16:10:42.883Z,2021-01-12T16:10:43.872Z,2021-01-12T16:10:39.850Z,2021-01-12T16:10:34.101Z,2021-01-12T16:10:38.720Z,MacIntel,en-US,Tue Jan 12 2021 11:10:34 GMT-0500 (Eastern Standard Time),2021-01-12T16:10:43.872Z,NoChair,NoChair,Chair,Chair,Chair,0,1,1,0,1,3
3WRBLBQ2GR8MIEKXQPMLHA4L2O50GE,3TLBHISGTOL6I2JNWXXGPLITY7PABT,Decide if these images contain a chair,You see an image. Your task is to decide if there is a chair in this image.,"image, classification",$0.10,2021-01-12T15:55:30+00:00,1,BatchId:4301018;OriginalHitTemplateId:928390875;,120,604800,2021-01-19T15:55:30+00:00,,,3L4D84MILZSA60EOM5JA8ZR5FNFJHM,A22AWJWQF7414N,Submitted,2021-01-12T16:01:19+00:00,2021-01-12T16:02:37+00:00,2021-01-19T16:02:37+00:00,,,,78,0% (0/0),0% (0/0),0% (0/0),537656,http://farm3.staticflickr.com/2795/4393291687_97f41b7c14_z.jpg,NoChair,167572,http://farm6.staticflickr.com/5181/5640302114_8a36987a52_z.jpg,Chair,260974,http://farm4.staticflickr.com/3303/4625221416_0bf01ea6ee_z.jpg,Chair,328217,http://farm2.staticflickr.com/1187/883045103_56ed949b23_z.jpg,Chair,477112,http://farm3.staticflickr.com/2157/2418183795_65eaf0f863_z.jpg,NoChair,,,2021-01-12T16:02:31.427Z,2021-01-12T16:02:25.758Z,2021-01-12T16:02:28.399Z,2021-01-12T16:02:22.370Z,2021-01-12T16:02:35.210Z,2021-01-12T16:01:54.690Z,2021-01-12T16:02:17.236Z,Win32,en-US,Tue Jan 12 2021 10:01:54 GMT-0600 (Central Standard Time),2021-01-12T16:02:35.210Z,NoChair,NoChair,Chair,NoChair,NoChair,1,0,1,0,1,3
309D674SHZLALP72MJNRB0FPV0ACB2,3TLBHISGTOL6I2JNWXXGPLITY7PABT,Decide if these images contain a chair,You see an image. Your task is to decide if there is a chair in this image.,"image, classification",$0.10,2021-01-12T15:55:30+00:00,1,BatchId:4301018;OriginalHitTemplateId:928390875;,120,604800,2021-01-19T15:55:30+00:00,,,3H8DHMCCW9BO54F4IU0WITCK2KLKDC,AVPZJ69E3WFYM,Submitted,2021-01-12T15:55:51+00:00,2021-01-12T15:56:58+00:00,2021-01-19T15:56:58+00:00,,,,67,0% (0/0),0% (0/0),0% (0/0),100132,http://farm9.staticflickr.com/8527/8527898063_865e89b039_z.jpg,NoChair,341603,http://farm5.staticflickr.com/4091/4847547071_9294c38bb4_z.jpg,Chair,310780,http://farm1.staticflickr.com/53/136531317_07d0038b43_z.jpg,NoChair,485649,http://farm3.staticflickr.com/2620/3688412368_f8291e5f54_z.jpg,Chair,580410,http://farm3.staticflickr.com/2582/4136717151_55c0b4d555_z.jpg,Chair,,,2021-01-12T15:56:57.809Z,2021-01-12T15:56:28.574Z,2021-01-12T15:56:36.334Z,2021-01-12T15:56:42.012Z,2021-01-12T15:56:51.766Z,2021-01-12T15:56:02.167Z,2021-01-12T15:56:12.997Z,Win32,en-US,Tue Jan 12 2021 07:56:02 GMT-0800 (Pacific Standard Time),2021-01-12T15:56:57.809Z,NoChair,NoChair,NoChair,NoChair,Chair,1,0,1,0,1,3
38O9DZ0A62NRHVY5TZHDO7KB58M26Y,3TLBHISGTOL6I2JNWXXGPLITY7PABT,Decide if these images contain a chair,You see an image. Your task is to decide if there is a chair in this image.,"image, classification",$0.10,2021-01-12T15:55:30+00:00,1,BatchId:4301018;OriginalHitTemplateId:928390875;,120,604800,2021-01-19T15:55:30+00:00,,,37ZHEEHM6WM2SX6N6B5B1FLM5NY73X,A1TEXCUTI4IUUN,Submitted,2021-01-12T16:06:40+00:00,2021-01-12T16:07:19+00:00,2021-01-19T16:07:19+00:00,,,,39,0% (0/0),0% (0/0),0% (0/0),482242,http://farm1.staticflickr.com/145/354685962_5f09b4e780_z.jpg,Chair,283355,http://farm1.staticflickr.com/155/396515941_39164e12c8_z.jpg,Chair,579802,http://farm1.staticflickr.com/89/227051107_95635dbb22_z.jpg,NoChair,315111,http://farm5.staticflickr.com/4054/4637399102_1780017889_z.jpg,NoChair,281207,http://farm2.staticflickr.com/1078/1410182112_984b4905f7_z.jpg,Chair,,,2021-01-12T16:07:17.858Z,2021-01-12T16:07:20.081Z,2021-01-12T16:07:10.324Z,2021-01-12T16:07:08.434Z,2021-01-12T16:07:05.470Z,2021-01-12T16:06:50.197Z,2021-01-12T16:07:01.780Z,Win32,es-ES,Tue Jan 12 2021 12:06:50 GMT-0400 (Venezuela Time),2021-01-12T16:07:20.081Z,Chair,NoChair,NoChair,NoChair,Chair,1,0,1,1,1,4
37YYO3NWHDQTVUZ80JJMMKL7DLACC9,3TLBHISGTOL6I2JNWXXGPLITY7PABT,Decide if these images contain a chair,You see an image. Your task is to decide if there is a chair in this image.,"image, classification",$0.10,2021-01-12T15:55:30+00:00,1,BatchId:4301018;OriginalHitTemplateId:928390875;,120,604800,2021-01-19T15:55:30+00:00,,,3MX2NQ3YC9UZLRZI27X2ABWULC3X57,A1PNYLOKED8FWF,Submitted,2021-01-12T16:02:09+00:00,2021-01-12T16:03:26+00:00,2021-01-19T16:03:26+00:00,,,,77,0% (0/0),0% (0/0),0% (0/0),530187,http://farm3.staticflickr.com/2026/2331521941_259dd27017_z.jpg,NoChair,209125,http://farm6.staticflickr.com/5341/10226524716_622beff0b0_z.jpg,NoChair,504074,http://farm6.staticflickr.com/5266/5734723994_0d5f3754d9_z.jpg,Chair,240972,http://farm4.staticflickr.com/3032/3074809811_ed1448c647_z.jpg,Chair,380597,http://farm8.staticflickr.com/7186/6932749075_1d2d2a67f0_z.jpg,NoChair,,,2021-01-12T16:03:12.342Z,2021-01-12T16:03:07.410Z,2021-01-12T16:02:54.355Z,2021-01-12T16:02:57.665Z,2021-01-12T16:03:27.109Z,2021-01-12T16:02:19.538Z,2021-01-12T16:02:47.418Z,Win32,en-US,Tue Jan 12 2021 10:02:19 GMT-0600 (Central Standard Time),2021-01-12T16:03:27.109Z,NoChair,NoChair,Chair,Chair,NoChair,1,1,1,1,1,5
30Z7M1Q8UYK3QCCXZT7QE3Z0NR4A8Z,3TLBHISGTOL6I2JNWXXGPLITY7PABT,Decide if these images contain a chair,You see an image. Your task is to decide if there is a chair in this image.,"image, classification",$0.10,2021-01-12T15:55:30+00:00,1,BatchId:4301018;OriginalHitTemplateId:928390875;,120,604800,2021-01-19T15:55:30+00:00,,,3ND9UOO81K2YYGXDKPHNPHEKY0XLWQ,A22AWJWQF7414N,Submitted,2021-01-12T16:01:41+00:00,2021-01-12T16:03:06+00:00,2021-01-19T16:03:06+00:00,,,,85,0% (0/0),0% (0/0),0% (0/0),310558,http://farm3.staticflickr.com/2506/3690680062_525721b494_z.jpg,Chair,384625,http://farm4.staticflickr.com/3698/9592217123_25b5b209d8_z.jpg,Chair,128148,http://farm4.staticflickr.com/3277/2933028245_8a7be3098b_z.jpg,Chair,463842,http://farm4.staticflickr.com/3067/2680475783_db70bb9eb4_z.jpg,NoChair,488673,http://farm7.staticflickr.com/6185/6153096478_0d431f123e_z.jpg,Chair,,,2021-01-12T16:02:46.962Z,2021-01-12T16:02:53.747Z,2021-01-12T16:03:01.777Z,2021-01-12T16:02:50.188Z,2021-01-12T16:03:05.294Z,2021-01-12T16:02:12.958Z,2021-01-12T16:02:42.243Z,Win32,en-US,Tue Jan 12 2021 10:02:12 GMT-0600 (Central Standard Time),2021-01-12T16:03:05.294Z,NoChair,Chair,NoChair,NoChair,Chair,0,1,0,1,1,3
3ZC62PVYDHA51QLYIBBWEARRFLLXXX,3TLBHISGTOL6I2JNWXXGPLITY7PABT,Decide if these images contain a chair,You see an image. Your task is to decide if there is a chair in this image.,"image, classification",$0.10,2021-01-12T15:55:30+00:00,1,BatchId:4301018;OriginalHitTemplateId:928390875;,120,604800,2021-01-19T15:55:30+00:00,,,3U5JL4WY5K9HP8VIO2ES5JQGLG8X42,A1B9MG0X7SR28,Submitted,2021-01-12T16:02:12+00:00,2021-01-12T16:02:52+00:00,2021-01-19T16:02:52+00:00,,,,40,0% (0/0),0% (0/0),0% (0/0),116851,http://farm4.staticflickr.com/3725/9027037495_b0eefdf8d0_z.jpg,NoChair,230780,http://farm8.staticflickr.com/7175/6675810771_4c2093e3cb_z.jpg,NoChair,577762,http://farm3.staticflickr.com/2439/3820194961_978c6060ee_z.jpg,NoChair,406534,http://farm9.staticflickr.com/8102/8512087255_5f82311907_z.jpg,NoChair,550118,http://farm5.staticflickr.com/4108/4973513276_f716be53a3_z.jpg,NoChair,,,2021-01-12T16:02:28.658Z,2021-01-12T16:02:33.878Z,2021-01-12T16:02:40.609Z,2021-01-12T16:02:50.471Z,2021-01-12T16:02:24.447Z,2021-01-12T16:02:14.336Z,2021-01-12T16:02:18.977Z,Win32,en-US,Tue Jan 12 2021 08:02:14 GMT-0800 (Pacific Standard Time),2021-01-12T16:02:50.471Z,NoChair,NoChair,NoChair,NoChair,NoChair,1,1,1,1,1,5
3FVBZG9CLJE0IAF8AV432AGMHOI0HD,3TLBHISGTOL6I2JNWXXGPLITY7PABT,Decide if these images contain a chair,You see an image. Your task is to decide if there is a chair in this image.,"image, classification",$0.10,2021-01-12T15:55:30+00:00,1,BatchId:4301018;OriginalHitTemplateId:928390875;,120,604800,2021-01-19T15:55:30+00:00,,,382M9COHEHF706YG83FIUY334NKEUW,A19ZWBQT8A3LIR,Submitted,2021-01-12T15:55:51+00:00,2021-01-12T15:56:28+00:00,2021-01-19T15:56:28+00:00,,,,37,0% (0/0),0% (0/0),0% (0/0),330410,http://farm3.staticflickr.com/2231/2061614406_3813b4e8a9_z.jpg,NoChair,565009,http://farm1.staticflickr.com/49/110573575_6e9b519fae_z.jpg,Chair,407687,http://farm3.staticflickr.com/2881/9574168574_5b4264669d_z.jpg,Chair,548874,http://farm1.staticflickr.com/139/404544387_58a31e803d_z.jpg,NoChair,453722,http://farm8.staticflickr.com/7224/7209767218_8b48327d84_z.jpg,Chair,,,2021-01-12T15:56:22.641Z,2021-01-12T15:56:28.433Z,2021-01-12T15:56:20.007Z,2021-01-12T15:56:25.026Z,2021-01-12T15:56:17.060Z,2021-01-12T15:56:00.123Z,2021-01-12T15:56:10.221Z,MacIntel,en-US,Tue Jan 12 2021 07:56:00 GMT-0800 (Pacific Standard Time),2021-01-12T15:56:28.433Z,NoChair,NoChair,NoChair,NoChair,Chair,1,0,0,1,1,3
359AP8GAGGKNJD4C92BB6YTTCAJ7CB,3TLBHISGTOL6I2JNWXXGPLITY7PABT,Decide if these images contain a chair,You see an image. Your task is to decide if there is a chair in this image.,"image, classification",$0.10,2021-01-12T15:55:30+00:00,1,BatchId:4301018;OriginalHitTemplateId:928390875;,120,604800,2021-01-19T15:55:30+00:00,,,33JKGHPFYCUSH46KS0RFTBGI5TKNM4,A2IFP1BH4JU926,Submitted,2021-01-12T16:06:28+00:00,2021-01-12T16:07:23+00:00,2021-01-19T16:07:23+00:00,,,,55,0% (0/0),0% (0/0),0% (0/0),496099,http://farm8.staticflickr.com/7001/6463664451_3f300e3e36_z.jpg,Chair,469034,http://farm4.staticflickr.com/3051/2389905944_70ce379c96_z.jpg,NoChair,36123,http://farm3.staticflickr.com/2718/4119849772_84774f7e13_z.jpg,Chair,379349,http://farm2.staticflickr.com/1051/1254867572_77ecfd3446_z.jpg,NoChair,98405,http://farm6.staticflickr.com/5129/5346415841_5564831485_z.jpg,Chair,,,2021-01-12T16:06:50.219Z,2021-01-12T16:06:54.194Z,2021-01-12T16:07:16.379Z,2021-01-12T16:07:06.252Z,2021-01-12T16:06:59.194Z,2021-01-12T16:06:29.663Z,2021-01-12T16:06:42.115Z,Win32,en-US,Tue Jan 12 2021 10:06:29 GMT-0600 (Central Standard Time),2021-01-12T16:07:16.379Z,Chair,Chair,Chair,NoChair,Chair,1,0,1,1,1,4
3XWUWJ18TLQL3IX881PMAWTJRLNUUA,3TLBHISGTOL6I2JNWXXGPLITY7PABT,Decide if these images contain a chair,You see an image. Your task is to decide if there is a chair in this image.,"image, classification",$0.10,2021-01-12T15:55:30+00:00,1,BatchId:4301018;OriginalHitTemplateId:928390875;,120,604800,2021-01-19T15:55:30+00:00,,,33OOO72IVHLD3VZDC7JDZEHY0X2CTC,A15P5OQ4M8R4TJ,Submitted,2021-01-12T16:05:14+00:00,2021-01-12T16:05:45+00:00,2021-01-19T16:05:45+00:00,,,,31,0% (0/0),0% (0/0),0% (0/0),101467,http://farm6.staticflickr.com/5295/5417442153_260403c176_z.jpg,Chair,56566,http://farm6.staticflickr.com/5053/5511491902_4853df9f51_z.jpg,NoChair,449963,http://farm9.staticflickr.com/8450/7987323911_90e33ef91a_z.jpg,Chair,447678,http://farm2.staticflickr.com/1015/1222345162_ca191ca274_z.jpg,Chair,306949,http://farm4.staticflickr.com/3193/2456218687_79503a96d4_z.jpg,Chair,,,2021-01-12T16:06:11.693Z,2021-01-12T16:06:16.954Z,2021-01-12T16:06:07.741Z,2021-01-12T16:06:21.732Z,2021-01-12T16:06:03.253Z,2021-01-12T16:05:52.522Z,2021-01-12T16:05:57.149Z,Win32,en-US,Tue Jan 12 2021 11:05:52 GMT-0500 (Eastern Standard Time),2021-01-12T16:06:21.732Z,Chair,NoChair,Chair,Chair,Chair,1,1,1,1,1,5
367O8HRHKG8677BP4Q34IRD17BF4SI,3TLBHISGTOL6I2JNWXXGPLITY7PABT,Decide if these images contain a chair,You see an image. Your task is to decide if there is a chair in this image.,"image, classification",$0.10,2021-01-12T15:55:30+00:00,1,BatchId:4301018;OriginalHitTemplateId:928390875;,120,604800,2021-01-19T15:55:30+00:00,,,3GDTJDAPVUB7EXJGMY2WBEQNGYK8M0,A16SEKJCIC6HUS,Submitted,2021-01-12T15:58:57+00:00,2021-01-12T15:59:46+00:00,2021-01-19T15:59:46+00:00,,,,49,0% (0/0),0% (0/0),0% (0/0),281790,http://farm4.staticflickr.com/3537/3399781994_a8f48509c0_z.jpg,Chair,385882,http://farm8.staticflickr.com/7283/8743204802_3f39fa9e8a_z.jpg,Chair,488723,http://farm8.staticflickr.com/7128/7042015009_5033a26410_z.jpg,NoChair,196085,http://farm6.staticflickr.com/5505/9502889558_de15cd4c90_z.jpg,Chair,264005,http://farm2.staticflickr.com/1015/5185377216_5636565e83_z.jpg,Chair,,,2021-01-12T15:59:31.479Z,2021-01-12T15:59:42.727Z,2021-01-12T15:59:35.807Z,2021-01-12T15:59:28.847Z,2021-01-12T15:59:39.886Z,2021-01-12T15:59:05.694Z,2021-01-12T15:59:23.567Z,Win32,en-US,Tue Jan 12 2021 10:59:05 GMT-0500 (Eastern Standard Time),2021-01-12T15:59:42.727Z,Chair,Chair,NoChair,Chair,NoChair,1,1,1,1,0,4
3HUR21WDDUPU1VB8N7XYXOY0HRFXY3,3TLBHISGTOL6I2JNWXXGPLITY7PABT,Decide if these images contain a chair,You see an image. Your task is to decide if there is a chair in this image.,"image, classification",$0.10,2021-01-12T15:55:31+00:00,1,BatchId:4301018;OriginalHitTemplateId:928390875;,120,604800,2021-01-19T15:55:31+00:00,,,3BEFOD78W6T6VWWEAVCJU2AIECPM48,A23ONWDSVICDCY,Submitted,2021-01-12T16:07:12+00:00,2021-01-12T16:07:50+00:00,2021-01-19T16:07:50+00:00,,,,38,0% (0/0),0% (0/0),0% (0/0),360216,http://farm2.staticflickr.com/1137/552503374_e3d30402ff_z.jpg,NoChair,116353,http://farm3.staticflickr.com/2431/4061123385_de70679024_z.jpg,Chair,384823,http://farm1.staticflickr.com/21/29182530_80d61ccab5_z.jpg,Chair,452459,http://farm3.staticflickr.com/2595/4089516261_9aa85bfeb7_z.jpg,Chair,449903,http://farm2.staticflickr.com/1345/912292839_c6a56a5338_z.jpg,Chair,,,2021-01-12T16:07:50.540Z,2021-01-12T16:07:45.064Z,2021-01-12T16:07:39.551Z,2021-01-12T16:07:46.379Z,2021-01-12T16:07:43.665Z,2021-01-12T16:07:26.446Z,2021-01-12T16:07:32.850Z,MacIntel,en-US,Tue Jan 12 2021 11:07:26 GMT-0500 (Eastern Standard Time),2021-01-12T16:07:50.540Z,NoChair,Chair,Chair,Chair,Chair,1,1,1,1,1,5
39KV3A5D1873QUT86O1BL3XBYD4S7P,3TLBHISGTOL6I2JNWXXGPLITY7PABT,Decide if these images contain a chair,You see an image. Your task is to decide if there is a chair in this image.,"image, classification",$0.10,2021-01-12T15:55:31+00:00,1,BatchId:4301018;OriginalHitTemplateId:928390875;,120,604800,2021-01-19T15:55:31+00:00,,,36DSNE9QZ5YKYH0BQIE0S8O6R9TJOA,A2H2LZ4IXR4RUY,Submitted,2021-01-12T16:01:45+00:00,2021-01-12T16:02:30+00:00,2021-01-19T16:02:30+00:00,,,,45,0% (0/0),0% (0/0),0% (0/0),407220,http://farm7.staticflickr.com/6037/6216492654_b84b2c7809_z.jpg,Chair,496239,http://farm2.staticflickr.com/1018/1039695675_06c414f0e0_z.jpg,NoChair,119129,http://farm4.staticflickr.com/3133/2677391423_9819b0b81b_z.jpg,Chair,196653,http://farm3.staticflickr.com/2773/4489675635_e3e05c5a27_z.jpg,Chair,38663,http://farm7.staticflickr.com/6056/6247986136_889740aab3_z.jpg,Chair,,,2021-01-12T16:02:10.010Z,2021-01-12T16:02:13.788Z,2021-01-12T16:02:29.919Z,2021-01-12T16:02:24.518Z,2021-01-12T16:02:19.068Z,2021-01-12T16:01:45.935Z,2021-01-12T16:02:05.913Z,MacIntel,en-US,Tue Jan 12 2021 11:01:45 GMT-0500 (Eastern Standard Time),2021-01-12T16:02:29.919Z,Chair,NoChair,Chair,NoChair,Chair,1,1,1,0,1,4
3ZFRE2BDQ9EU6LLDJTZHBV72NLJXZU,3TLBHISGTOL6I2JNWXXGPLITY7PABT,Decide if these images contain a chair,You see an image. Your task is to decide if there is a chair in this image.,"image, classification",$0.10,2021-01-12T15:55:31+00:00,1,BatchId:4301018;OriginalHitTemplateId:928390875;,120,604800,2021-01-19T15:55:31+00:00,,,34Q075JO1XDS0JSOY86JY7W2ZPD01X,A2WS07SCLNP1GV,Submitted,2021-01-12T16:00:49+00:00,2021-01-12T16:01:52+00:00,2021-01-19T16:01:52+00:00,,,,63,0% (0/0),0% (0/0),0% (0/0),471109,http://farm6.staticflickr.com/5137/5565646737_15dcd27c76_z.jpg,NoChair,377195,http://farm2.staticflickr.com/1347/1337191378_62708d1bc6_z.jpg,Chair,240393,http://farm4.staticflickr.com/3668/9102131114_0381992a66_z.jpg,NoChair,265938,http://farm9.staticflickr.com/8459/7972647920_8da9355c69_z.jpg,Chair,272747,http://farm3.staticflickr.com/2457/3656039291_44e1f94ed3_z.jpg,NoChair,,,2021-01-12T16:01:52.922Z,2021-01-12T16:01:31.257Z,2021-01-12T16:01:49.125Z,2021-01-12T16:01:47.918Z,2021-01-12T16:01:33.095Z,2021-01-12T16:01:21.796Z,2021-01-12T16:01:24.546Z,Win32,en-US,Tue Jan 12 2021 11:01:21 GMT-0500 (Eastern Standard Time),2021-01-12T16:01:52.922Z,NoChair,Chair,NoChair,Chair,NoChair,1,1,1,1,1,5
322ZSN9Z5GK7M7O4TQ8USW9N9UT4T7,3TLBHISGTOL6I2JNWXXGPLITY7PABT,Decide if these images contain a chair,You see an image. Your task is to decide if there is a chair in this image.,"image, classification",$0.10,2021-01-12T15:55:31+00:00,1,BatchId:4301018;OriginalHitTemplateId:928390875;,120,604800,2021-01-19T15:55:31+00:00,,,30LSNF239UVAWZR0L2V39U63DP8I2R,A2JEI1ICI9FZD9,Submitted,2021-01-12T15:58:58+00:00,2021-01-12T15:59:43+00:00,2021-01-19T15:59:43+00:00,,,,45,0% (0/0),0% (0/0),0% (0/0),444092,http://farm9.staticflickr.com/8395/8871642738_d6633f98a5_z.jpg,NoChair,260347,http://farm9.staticflickr.com/8160/7592557980_9d7442591c_z.jpg,NoChair,364444,http://farm1.staticflickr.com/64/167918602_52efc0bc46_z.jpg,NoChair,299116,http://farm4.staticflickr.com/3340/3187069362_1aabeece97_z.jpg,Chair,101874,http://farm4.staticflickr.com/3778/10035231464_36f6434d9c_z.jpg,NoChair,,,2021-01-12T15:59:38.441Z,2021-01-12T15:59:33.892Z,2021-01-12T15:59:43.639Z,2021-01-12T15:59:29.903Z,2021-01-12T15:59:17.336Z,2021-01-12T15:58:59.253Z,2021-01-12T15:59:07.976Z,Win32,en-US,Tue Jan 12 2021 10:58:59 GMT-0500 (Eastern Standard Time),2021-01-12T15:59:43.639Z,NoChair,NoChair,NoChair,NoChair,NoChair,1,1,1,0,1,4
3HUR21WDDUPU1VB8N7XYXOY0HTYXYQ,3TLBHISGTOL6I2JNWXXGPLITY7PABT,Decide if these images contain a chair,You see an image. Your task is to decide if there is a chair in this image.,"image, classification",$0.10,2021-01-15T13:24:28+00:00,1,BatchId:4304302;OriginalHitTemplateId:928390875;,120,604800,2021-01-22T13:24:28+00:00,,,3SPJ0334213WSV4DW5NYUZM85U5JYK,A2N913YUJWD8BT,Submitted,2021-01-15T13:25:01+00:00,2021-01-15T13:25:43+00:00,2021-01-22T13:25:43+00:00,,,,42,0% (0/0),0% (0/0),0% (0/0),88748,http://farm2.staticflickr.com/1265/4701416980_77198b4a9e_z.jpg,NoChair,561308,http://farm8.staticflickr.com/7040/6889754785_70ed453ca8_z.jpg,Chair,315173,http://farm3.staticflickr.com/2351/2163686128_a9e54a96b8_z.jpg,Chair,190117,http://farm9.staticflickr.com/8082/8290939555_001a640474_z.jpg,NoChair,403306,http://farm4.staticflickr.com/3085/3143811725_afee56deda_z.jpg,Chair,,,2021-01-15T13:25:17.412Z,2021-01-15T13:25:31.404Z,2021-01-15T13:25:36.526Z,2021-01-15T13:25:14.588Z,2021-01-15T13:25:44.436Z,2021-01-15T13:25:03.062Z,2021-01-15T13:25:10.083Z,Win32,en-US,Fri Jan 15 2021 08:25:03 GMT-0500 (Eastern Standard Time),2021-01-15T13:25:44.436Z,NoChair,Chair,Chair,NoChair,NoChair,1,1,1,1,0,4
3IVKZBIBJ090JJZKJXNNCGM5CIJSHE,3TLBHISGTOL6I2JNWXXGPLITY7PABT,Decide if these images contain a chair,You see an image. Your task is to decide if there is a chair in this image.,"image, classification",$0.10,2021-01-15T13:24:28+00:00,1,BatchId:4304302;OriginalHitTemplateId:928390875;,120,604800,2021-01-22T13:24:28+00:00,,,3FPRZHYEPY743N7JO98R7T1PRGHV3B,A49MD40UT6ABO,Submitted,2021-01-15T13:26:48+00:00,2021-01-15T13:27:59+00:00,2021-01-22T13:27:59+00:00,,,,71,0% (0/0),0% (0/0),0% (0/0),483139,http://farm1.staticflickr.com/195/550894907_92b258c0e0_z.jpg,NoChair,467908,http://farm4.staticflickr.com/3542/3450689984_a6008f4de3_z.jpg,Chair,95106,http://farm5.staticflickr.com/4022/4667766907_f3d70c0a29_z.jpg,Chair,74733,http://farm6.staticflickr.com/5461/9330037796_1700b955f3_z.jpg,Chair,8024,http://farm9.staticflickr.com/8158/7301269780_02be153a7a_z.jpg,Chair,,,2021-01-15T13:27:54.728Z,2021-01-15T13:27:58.335Z,2021-01-15T13:27:51.405Z,2021-01-15T13:27:53.415Z,2021-01-15T13:27:57.224Z,2021-01-15T13:27:44.999Z,2021-01-15T13:27:49.290Z,Win32,en-US,Fri Jan 15 2021 07:27:44 GMT-0600 (Central Standard Time),2021-01-15T13:27:58.335Z,NoChair,NoChair,Chair,Chair,Chair,1,0,1,1,1,4
3E22YV8GG16VGN53UEE6MVEQBALPN4,3TLBHISGTOL6I2JNWXXGPLITY7PABT,Decide if these images contain a chair,You see an image. Your task is to decide if there is a chair in this image.,"image, classification",$0.10,2021-01-15T13:24:28+00:00,1,BatchId:4304302;OriginalHitTemplateId:928390875;,120,604800,2021-01-22T13:24:28+00:00,,,3ZGVPD4G6THQBOAN4L3LACIJ9Q0ZTW,A49MD40UT6ABO,Submitted,2021-01-15T13:26:14+00:00,2021-01-15T13:27:44+00:00,2021-01-22T13:27:44+00:00,,,,90,0% (0/0),0% (0/0),0% (0/0),153202,http://farm8.staticflickr.com/7262/7736910386_32b93990da_z.jpg,NoChair,279345,http://farm5.staticflickr.com/4120/4759912454_696fd4e419_z.jpg,Chair,61892,http://farm4.staticflickr.com/3765/9965422883_5d071fbdf9_z.jpg,Chair,529850,http://farm1.staticflickr.com/23/33581485_69c0822e98_z.jpg,NoChair,229631,http://farm6.staticflickr.com/5188/5579818347_2fe957b695_z.jpg,NoChair,,,2021-01-15T13:27:37.730Z,2021-01-15T13:27:42.767Z,2021-01-15T13:27:38.787Z,2021-01-15T13:27:39.996Z,2021-01-15T13:27:40.829Z,2021-01-15T13:27:35.394Z,2021-01-15T13:27:36.851Z,Win32,en-US,Fri Jan 15 2021 07:27:35 GMT-0600 (Central Standard Time),2021-01-15T13:27:42.767Z,NoChair,NoChair,NoChair,NoChair,NoChair,1,0,0,1,1,3
37NXA7GVST6IX7ZE4D7QFVZJS3MVLT,3TLBHISGTOL6I2JNWXXGPLITY7PABT,Decide if these images contain a chair,You see an image. Your task is to decide if there is a chair in this image.,"image, classification",$0.10,2021-01-15T13:24:28+00:00,1,BatchId:4304302;OriginalHitTemplateId:928390875;,120,604800,2021-01-22T13:24:28+00:00,,,36W0OB37HWE06FJS4RMWWTFVYW5HZ4,A49MD40UT6ABO,Submitted,2021-01-15T13:25:24+00:00,2021-01-15T13:26:10+00:00,2021-01-22T13:26:10+00:00,,,,46,0% (0/0),0% (0/0),0% (0/0),66171,http://farm6.staticflickr.com/5109/5638112225_4636056784_z.jpg,Chair,1404,http://farm8.staticflickr.com/7201/6806406404_41253c831e_z.jpg,NoChair,306974,http://farm1.staticflickr.com/147/424443876_61ffdd2833_z.jpg,NoChair,242605,http://farm6.staticflickr.com/5175/5481011117_74df44d71d_z.jpg,Chair,231712,http://farm4.staticflickr.com/3168/3002186318_8d1ce725fc_z.jpg,Chair,,,2021-01-15T13:26:07.975Z,2021-01-15T13:26:09.503Z,2021-01-15T13:26:06.489Z,2021-01-15T13:26:08.809Z,2021-01-15T13:26:04.242Z,2021-01-15T13:26:00.908Z,2021-01-15T13:26:03.055Z,Win32,en-US,Fri Jan 15 2021 07:26:00 GMT-0600 (Central Standard Time),2021-01-15T13:26:09.503Z,Chair,Chair,Chair,Chair,Chair,1,0,0,1,1,3
3JU8CV4BRLCDY85FVTEJ1KEV1KQPOJ,3TLBHISGTOL6I2JNWXXGPLITY7PABT,Decide if these images contain a chair,You see an image. Your task is to decide if there is a chair in this image.,"image, classification",$0.10,2021-01-15T13:24:28+00:00,1,BatchId:4304302;OriginalHitTemplateId:928390875;,120,604800,2021-01-22T13:24:28+00:00,,,3U4J9857OEB7VSA0L4KHJYJYTQOB7R,A49MD40UT6ABO,Submitted,2021-01-15T13:27:57+00:00,2021-01-15T13:28:33+00:00,2021-01-22T13:28:33+00:00,,,,36,0% (0/0),0% (0/0),0% (0/0),403353,http://farm9.staticflickr.com/8486/8245255095_5669dbf878_z.jpg,NoChair,64507,http://farm6.staticflickr.com/5220/5486086959_9f97e929a5_z.jpg,Chair,359529,http://farm1.staticflickr.com/7/6741987_4ff836f05c_z.jpg,NoChair,38896,http://farm4.staticflickr.com/3271/2998719650_a309f8fb4c_z.jpg,NoChair,257821,http://farm4.staticflickr.com/3263/2655809489_b088a38620_z.jpg,Chair,,,2021-01-15T13:28:29.205Z,2021-01-15T13:28:30.427Z,2021-01-15T13:28:32.241Z,2021-01-15T13:28:27.841Z,2021-01-15T13:28:28.505Z,2021-01-15T13:28:25.569Z,2021-01-15T13:28:27.157Z,Win32,en-US,Fri Jan 15 2021 07:28:25 GMT-0600 (Central Standard Time),2021-01-15T13:28:32.241Z,NoChair,Chair,NoChair,NoChair,NoChair,1,1,1,1,0,4
3TL87MO8CMPT1ADO4Y2MX9WX49YLFV,3TLBHISGTOL6I2JNWXXGPLITY7PABT,Decide if these images contain a chair,You see an image. Your task is to decide if there is a chair in this image.,"image, classification",$0.10,2021-01-15T13:24:28+00:00,1,BatchId:4304302;OriginalHitTemplateId:928390875;,120,604800,2021-01-22T13:24:28+00:00,,,3ZOTGHDK5IBDXKJ1DCNEK9FTN3JOSU,A49MD40UT6ABO,Submitted,2021-01-15T13:27:12+00:00,2021-01-15T13:28:25+00:00,2021-01-22T13:28:25+00:00,,,,73,0% (0/0),0% (0/0),0% (0/0),309900,http://farm4.staticflickr.com/3184/2563300271_8568ee19a9_z.jpg,NoChair,522465,http://farm9.staticflickr.com/8480/8192738305_ff265f1467_z.jpg,NoChair,540922,http://farm1.staticflickr.com/180/424082709_5affb2e0c1_z.jpg,NoChair,107188,http://farm4.staticflickr.com/3471/3398067545_029d9625d1_z.jpg,NoChair,2347,http://farm7.staticflickr.com/6046/6209781526_3686316b50_z.jpg,Chair,,,2021-01-15T13:28:21.268Z,2021-01-15T13:28:22.054Z,2021-01-15T13:28:20.587Z,2021-01-15T13:28:24.010Z,2021-01-15T13:28:23.095Z,2021-01-15T13:28:17.940Z,2021-01-15T13:28:19.673Z,Win32,en-US,Fri Jan 15 2021 07:28:17 GMT-0600 (Central Standard Time),2021-01-15T13:28:24.010Z,NoChair,NoChair,NoChair,NoChair,Chair,1,1,1,1,1,5
3QX22DUVOOH23PHZ4P85F8E8S8CVMV,3TLBHISGTOL6I2JNWXXGPLITY7PABT,Decide if these images contain a chair,You see an image. Your task is to decide if there is a chair in this image.,"image, classification",$0.10,2021-01-15T13:24:28+00:00,1,BatchId:4304302;OriginalHitTemplateId:928390875;,120,604800,2021-01-22T13:24:28+00:00,,,30H4UDGLT2ISKPIX8F47X0LD5JXMPX,A49MD40UT6ABO,Submitted,2021-01-15T13:25:28+00:00,2021-01-15T13:27:23+00:00,2021-01-22T13:27:23+00:00,,,,115,0% (0/0),0% (0/0),0% (0/0),423858,http://farm9.staticflickr.com/8296/7800513008_1bd9853261_z.jpg,NoChair,1145,http://farm6.staticflickr.com/5476/9365887775_1800451498_z.jpg,Chair,286033,http://farm1.staticflickr.com/157/376566747_809c2ac846_z.jpg,NoChair,425917,http://farm9.staticflickr.com/8535/8635057571_4023a99b36_z.jpg,Chair,530038,http://farm4.staticflickr.com/3046/2599011369_c20864a630_z.jpg,Chair,,,2021-01-15T13:27:16.734Z,2021-01-15T13:27:18.674Z,2021-01-15T13:27:17.609Z,2021-01-15T13:27:20.547Z,2021-01-15T13:27:21.859Z,2021-01-15T13:27:14.333Z,2021-01-15T13:27:15.946Z,Win32,en-US,Fri Jan 15 2021 07:27:14 GMT-0600 (Central Standard Time),2021-01-15T13:27:21.859Z,NoChair,Chair,NoChair,NoChair,Chair,1,1,1,0,1,4
3H4IKZHALBIVD2TQEZ1EI69VBVKNN6,3TLBHISGTOL6I2JNWXXGPLITY7PABT,Decide if these images contain a chair,You see an image. Your task is to decide if there is a chair in this image.,"image, classification",$0.10,2021-01-15T13:24:28+00:00,1,BatchId:4304302;OriginalHitTemplateId:928390875;,120,604800,2021-01-22T13:24:28+00:00,,,3VNXK88KKCIQIPWZ5I91Y64BR8R9V6,A49MD40UT6ABO,Submitted,2021-01-15T13:26:59+00:00,2021-01-15T13:28:09+00:00,2021-01-22T13:28:09+00:00,,,,70,0% (0/0),0% (0/0),0% (0/0),67577,http://farm5.staticflickr.com/4050/4707889502_d13df8f3fa_z.jpg,NoChair,138910,http://farm4.staticflickr.com/3789/9664021362_dd45c4b0ba_z.jpg,Chair,138022,http://farm8.staticflickr.com/7255/7638769432_b6b951b63d_z.jpg,NoChair,137861,http://farm9.staticflickr.com/8505/8399855622_8b47259eea_z.jpg,Chair,31442,http://farm1.staticflickr.com/198/470383822_bff4f6d2b7_z.jpg,Chair,,,2021-01-15T13:28:03.176Z,2021-01-15T13:28:05.509Z,2021-01-15T13:28:07.829Z,2021-01-15T13:28:04.158Z,2021-01-15T13:28:06.392Z,2021-01-15T13:28:00.502Z,2021-01-15T13:28:02.395Z,Win32,en-US,Fri Jan 15 2021 07:28:00 GMT-0600 (Central Standard Time),2021-01-15T13:28:07.829Z,NoChair,NoChair,NoChair,Chair,Chair,1,0,1,1,1,4
3APP19WN71EHWP6CSE22QBECFT9G6H,3TLBHISGTOL6I2JNWXXGPLITY7PABT,Decide if these images contain a chair,You see an image. Your task is to decide if there is a chair in this image.,"image, classification",$0.10,2021-01-15T13:24:29+00:00,1,BatchId:4304302;OriginalHitTemplateId:928390875;,120,604800,2021-01-22T13:24:29+00:00,,,3W92K5RLWUH7H2UN2SWKMQZ95C8V51,A49MD40UT6ABO,Submitted,2021-01-15T13:25:40+00:00,2021-01-15T13:27:34+00:00,2021-01-22T13:27:34+00:00,,,,114,0% (0/0),0% (0/0),0% (0/0),403473,http://farm4.staticflickr.com/3323/3416051533_77fcb68e26_z.jpg,Chair,549559,http://farm5.staticflickr.com/4016/4546401461_0bab76ef30_z.jpg,NoChair,129576,http://farm8.staticflickr.com/7308/8717355941_a934cff1b5_z.jpg,NoChair,512007,http://farm8.staticflickr.com/7269/7815645708_8f51bfe8b9_z.jpg,Chair,79338,http://farm4.staticflickr.com/3366/3231215711_cdd5c22b90_z.jpg,Chair,,,2021-01-15T13:27:27.452Z,2021-01-15T13:27:26.354Z,2021-01-15T13:27:33.113Z,2021-01-15T13:27:30.192Z,2021-01-15T13:27:31.526Z,2021-01-15T13:27:23.648Z,2021-01-15T13:27:25.415Z,Win32,en-US,Fri Jan 15 2021 07:27:23 GMT-0600 (Central Standard Time),2021-01-15T13:27:33.113Z,Chair,NoChair,NoChair,NoChair,Chair,1,1,1,0,1,4
3B0MCRZMBRUVJ8HGATRYQKJLBPMPP0,3TLBHISGTOL6I2JNWXXGPLITY7PABT,Decide if these images contain a chair,You see an image. Your task is to decide if there is a chair in this image.,"image, classification",$0.10,2021-01-15T13:24:29+00:00,1,BatchId:4304302;OriginalHitTemplateId:928390875;,120,604800,2021-01-22T13:24:29+00:00,,,3483FV8BEEJU3FWZJ1MECRGY49Q26G,A49MD40UT6ABO,Submitted,2021-01-15T13:27:11+00:00,2021-01-15T13:28:17+00:00,2021-01-22T13:28:17+00:00,,,,66,0% (0/0),0% (0/0),0% (0/0),451751,http://farm3.staticflickr.com/2705/4170979233_61d5fab7b3_z.jpg,Chair,244844,http://farm3.staticflickr.com/2780/4491264054_b0319d541f_z.jpg,Chair,188084,http://farm3.staticflickr.com/2627/4090968826_9d2bb6281f_z.jpg,NoChair,152501,http://farm4.staticflickr.com/3257/2546598455_4e6d253ee4_z.jpg,NoChair,496040,http://farm1.staticflickr.com/66/213572653_d6d602b9e7_z.jpg,Chair,,,2021-01-15T13:28:15.179Z,2021-01-15T13:28:12.903Z,2021-01-15T13:28:12.189Z,2021-01-15T13:28:13.734Z,2021-01-15T13:28:16.218Z,2021-01-15T13:28:09.957Z,2021-01-15T13:28:11.397Z,Win32,en-US,Fri Jan 15 2021 07:28:09 GMT-0600 (Central Standard Time),2021-01-15T13:28:16.218Z,NoChair,Chair,NoChair,NoChair,NoChair,0,1,1,1,0,3
3OEWW2KGQJB49B2PQKNO1QX6N1NDOT,3TLBHISGTOL6I2JNWXXGPLITY7PABT,Decide if these images contain a chair,You see an image. Your task is to decide if there is a chair in this image.,"image, classification",$0.10,2021-01-15T13:24:29+00:00,1,BatchId:4304302;OriginalHitTemplateId:928390875;,120,604800,2021-01-22T13:24:29+00:00,,,3BC8WZX3V3W4TIB4QF4DOUF2COKRRI,A49MD40UT6ABO,Submitted,2021-01-15T13:25:22+00:00,2021-01-15T13:26:00+00:00,2021-01-22T13:26:00+00:00,,,,38,0% (0/0),0% (0/0),0% (0/0),6263,http://farm4.staticflickr.com/3130/2834096397_3088c3afde_z.jpg,NoChair,3259,http://farm3.staticflickr.com/2728/4309218185_a70f770fd4_z.jpg,NoChair,164142,http://farm2.staticflickr.com/1130/843017656_58a7935d63_z.jpg,Chair,392145,http://farm1.staticflickr.com/159/351854853_413d219267_z.jpg,Chair,461340,http://farm3.staticflickr.com/2074/2209418379_0ec38ba9db_z.jpg,Chair,,,2021-01-15T13:25:43.663Z,2021-01-15T13:25:56.158Z,2021-01-15T13:25:41.219Z,2021-01-15T13:25:58.010Z,2021-01-15T13:25:57.200Z,2021-01-15T13:25:32.347Z,2021-01-15T13:25:37.674Z,Win32,en-US,Fri Jan 15 2021 07:25:32 GMT-0600 (Central Standard Time),2021-01-15T13:25:58.010Z,Chair,Chair,Chair,Chair,Chair,0,0,1,1,1,3
3HEM8MA6H9CGJKIVA66NQP9VGL8PQR,3TLBHISGTOL6I2JNWXXGPLITY7PABT,Decide if these images contain a chair,You see an image. Your task is to decide if there is a chair in this image.,"image, classification",$0.10,2021-01-15T13:24:29+00:00,1,BatchId:4304302;OriginalHitTemplateId:928390875;,120,604800,2021-01-22T13:24:29+00:00,,,3Z9WI9EOZZO5HKK64QJM9ERIUNSKHL,A49MD40UT6ABO,Submitted,2021-01-15T13:25:25+00:00,2021-01-15T13:27:01+00:00,2021-01-22T13:27:01+00:00,,,,96,0% (0/0),0% (0/0),0% (0/0),495732,http://farm3.staticflickr.com/2357/1847158168_87d9fdd66e_z.jpg,NoChair,27544,http://farm8.staticflickr.com/7356/9369624532_283e156d45_z.jpg,NoChair,395907,http://farm3.staticflickr.com/2635/3996147037_9af00c9b80_z.jpg,Chair,428050,http://farm4.staticflickr.com/3246/4560342647_88a07c2e32_z.jpg,Chair,297419,http://farm9.staticflickr.com/8370/8542467104_dbaac8310c_z.jpg,Chair,,,2021-01-15T13:26:57.577Z,2021-01-15T13:26:59.522Z,2021-01-15T13:26:53.657Z,2021-01-15T13:26:54.677Z,2021-01-15T13:26:55.774Z,2021-01-15T13:26:39.379Z,2021-01-15T13:26:52.054Z,Win32,en-US,Fri Jan 15 2021 07:26:39 GMT-0600 (Central Standard Time),2021-01-15T13:26:59.522Z,NoChair,NoChair,Chair,Chair,Chair,1,1,1,1,1,5
3P4C70TRMRHZFA9JFI84FUW95OYLGU,3TLBHISGTOL6I2JNWXXGPLITY7PABT,Decide if these images contain a chair,You see an image. Your task is to decide if there is a chair in this image.,"image, classification",$0.10,2021-01-15T13:24:29+00:00,1,BatchId:4304302;OriginalHitTemplateId:928390875;,120,604800,2021-01-22T13:24:29+00:00,,,373ERPL3YO8H9XOWU498O9GK09HRTV,A49MD40UT6ABO,Submitted,2021-01-15T13:25:26+00:00,2021-01-15T13:27:13+00:00,2021-01-22T13:27:13+00:00,,,,107,0% (0/0),0% (0/0),0% (0/0),273866,http://farm4.staticflickr.com/3574/3547034005_fb39441707_z.jpg,NoChair,547639,http://farm4.staticflickr.com/3462/3843766670_dfc089976a_z.jpg,NoChair,3145,http://farm3.staticflickr.com/2484/3544255627_0e852f6fc7_z.jpg,Chair,194184,http://farm3.staticflickr.com/2450/4052509242_c7a41fc81e_z.jpg,Chair,283004,http://farm5.staticflickr.com/4143/4887945815_80abaf6670_z.jpg,Chair,,,2021-01-15T13:27:12.034Z,2021-01-15T13:27:07.421Z,2021-01-15T13:27:08.879Z,2021-01-15T13:27:05.011Z,2021-01-15T13:27:09.724Z,2021-01-15T13:27:01.789Z,2021-01-15T13:27:03.605Z,Win32,en-US,Fri Jan 15 2021 07:27:01 GMT-0600 (Central Standard Time),2021-01-15T13:27:12.034Z,Chair,Chair,Chair,NoChair,Chair,0,0,1,0,1,2
3IHWR4LC7DDIWUVVBHZ3V1NJ01RI8X,3TLBHISGTOL6I2JNWXXGPLITY7PABT,Decide if these images contain a chair,You see an image. Your task is to decide if there is a chair in this image.,"image, classification",$0.10,2021-01-15T13:24:29+00:00,1,BatchId:4304302;OriginalHitTemplateId:928390875;,120,604800,2021-01-22T13:24:29+00:00,,,32Q90QCQ1SLTXAT4EPBGOBU5270KE5,A49MD40UT6ABO,Submitted,2021-01-15T13:25:25+00:00,2021-01-15T13:26:20+00:00,2021-01-22T13:26:20+00:00,,,,55,0% (0/0),0% (0/0),0% (0/0),362768,http://farm9.staticflickr.com/8427/7793342994_e6b7cb5901_z.jpg,NoChair,573815,http://farm1.staticflickr.com/25/51642134_f6a1a0e23b_z.jpg,NoChair,125311,http://farm7.staticflickr.com/6194/6105688172_0c45d085eb_z.jpg,NoChair,467809,http://farm2.staticflickr.com/1349/1429843705_bf4bf615ae_z.jpg,NoChair,122787,http://farm2.staticflickr.com/1300/4672660979_bd52387217_z.jpg,NoChair,,,2021-01-15T13:26:14.520Z,2021-01-15T13:26:15.346Z,2021-01-15T13:26:18.875Z,2021-01-15T13:26:16.036Z,2021-01-15T13:26:17.332Z,2021-01-15T13:26:11.333Z,2021-01-15T13:26:13.404Z,Win32,en-US,Fri Jan 15 2021 07:26:11 GMT-0600 (Central Standard Time),2021-01-15T13:26:18.875Z,NoChair,NoChair,NoChair,NoChair,Chair,1,1,1,1,0,4
3ZUE82NE0A1YM3T5A9TIS4ARKAIF8O,3TLBHISGTOL6I2JNWXXGPLITY7PABT,Decide if these images contain a chair,You see an image. Your task is to decide if there is a chair in this image.,"image, classification",$0.10,2021-01-15T23:29:03+00:00,1,BatchId:4305009;OriginalHitTemplateId:928390875;,120,604800,2021-01-22T23:29:03+00:00,,,3483FV8BEEJU3FWZJ1MECRGY4BV62T,A1ZLR6WXLCXRRO,Submitted,2021-01-15T23:30:45+00:00,2021-01-15T23:31:04+00:00,2021-01-22T23:31:04+00:00,,,,19,0% (0/0),0% (0/0),0% (0/0),388988,http://farm1.staticflickr.com/177/470814070_4cabf9f70f_z.jpg,Chair,317216,http://farm4.staticflickr.com/3727/9952159294_377e7e868c_z.jpg,NoChair,314504,http://farm2.staticflickr.com/1148/877695668_c61a778994_z.jpg,Chair,502231,http://farm4.staticflickr.com/3677/8854419214_032585d008_z.jpg,NoChair,125998,http://farm5.staticflickr.com/4044/4525057507_c7bf0cf717_z.jpg,NoChair,,,2021-01-15T23:30:55.303Z,2021-01-15T23:30:57.345Z,2021-01-15T23:31:03.335Z,2021-01-15T23:31:05.557Z,2021-01-15T23:31:01.524Z,2021-01-15T23:30:47.671Z,2021-01-15T23:30:52.371Z,Win32,en-US,Fri Jan 15 2021 16:30:47 GMT-0700 (Mountain Standard Time),2021-01-15T23:31:05.557Z,Chair,NoChair,Chair,NoChair,NoChair,1,1,1,1,1,5
3IHWR4LC7DDIWUVVBHZ3V1NJ02AI8I,3TLBHISGTOL6I2JNWXXGPLITY7PABT,Decide if these images contain a chair,You see an image. Your task is to decide if there is a chair in this image.,"image, classification",$0.10,2021-01-15T23:29:03+00:00,1,BatchId:4305009;OriginalHitTemplateId:928390875;,120,604800,2021-01-22T23:29:03+00:00,,,32SVAV9L3F9KBZ4LDEHVB6NC68L3AR,A1ZLR6WXLCXRRO,Submitted,2021-01-15T23:29:59+00:00,2021-01-15T23:30:45+00:00,2021-01-22T23:30:45+00:00,,,,46,0% (0/0),0% (0/0),0% (0/0),141101,http://farm3.staticflickr.com/2487/3793910440_ac06c2b21d_z.jpg,Chair,86946,http://farm4.staticflickr.com/3598/3489142240_da6119f478_z.jpg,Chair,533545,http://farm4.staticflickr.com/3342/3183364710_1bb64c2bf0_z.jpg,Chair,409944,http://farm5.staticflickr.com/4145/5170944058_3ab188db1d_z.jpg,NoChair,241326,http://farm1.staticflickr.com/6/74600093_1e3ace7913_z.jpg,NoChair,,,2021-01-15T23:30:40.490Z,2021-01-15T23:30:38.011Z,2021-01-15T23:30:45.866Z,2021-01-15T23:30:42.432Z,2021-01-15T23:30:33.533Z,2021-01-15T23:30:02.417Z,2021-01-15T23:30:25.811Z,Win32,en-US,Fri Jan 15 2021 16:30:02 GMT-0700 (Mountain Standard Time),2021-01-15T23:30:45.866Z,Chair,Chair,NoChair,NoChair,NoChair,1,1,0,1,1,4
3VGZ74AYTGG6C6FD25F5CB6MBG3CGQ,3TLBHISGTOL6I2JNWXXGPLITY7PABT,Decide if these images contain a chair,You see an image. Your task is to decide if there is a chair in this image.,"image, classification",$0.10,2021-01-15T23:29:03+00:00,1,BatchId:4305009;OriginalHitTemplateId:928390875;,120,604800,2021-01-22T23:29:03+00:00,,,3I0BTBYZAXLPQP3RAXDSCU7C6N40Y3,A2S5U5V6KTHP3A,Submitted,2021-01-15T23:33:20+00:00,2021-01-15T23:33:41+00:00,2021-01-22T23:33:41+00:00,,,,21,0% (0/0),0% (0/0),0% (0/0),518818,http://farm3.staticflickr.com/2702/4500847206_e370b86786_z.jpg,NoChair,575922,http://farm5.staticflickr.com/4014/4526831178_60fb19eef5_z.jpg,NoChair,215972,http://farm1.staticflickr.com/200/448806696_f02d95cdb3_z.jpg,NoChair,331560,http://farm8.staticflickr.com/7365/9175961043_938a66a48e_z.jpg,NoChair,314876,http://farm1.staticflickr.com/179/396496489_e602c91567_z.jpg,Chair,,,2021-01-15T23:33:36.010Z,2021-01-15T23:33:35.233Z,2021-01-15T23:33:36.889Z,2021-01-15T23:33:40.064Z,2021-01-15T23:33:38.255Z,2021-01-15T23:33:22.001Z,2021-01-15T23:33:33.617Z,Win32,en-US,Fri Jan 15 2021 15:33:22 GMT-0800 (Pacific Standard Time),2021-01-15T23:33:40.064Z,NoChair,NoChair,NoChair,NoChair,Chair,1,1,1,1,1,5
3RQVKZ7ZRKJALVCAC9M5ULK70M7729,3TLBHISGTOL6I2JNWXXGPLITY7PABT,Decide if these images contain a chair,You see an image. Your task is to decide if there is a chair in this image.,"image, classification",$0.10,2021-01-15T23:29:03+00:00,1,BatchId:4305009;OriginalHitTemplateId:928390875;,120,604800,2021-01-22T23:29:03+00:00,,,37M28K1J0QDVWD6AGZ9IRD41257JAJ,A2S5U5V6KTHP3A,Submitted,2021-01-15T23:33:41+00:00,2021-01-15T23:34:01+00:00,2021-01-22T23:34:01+00:00,,,,20,0% (0/0),0% (0/0),0% (0/0),514296,http://farm4.staticflickr.com/3214/2785400352_b4f39314a9_z.jpg,Chair,475957,http://farm8.staticflickr.com/7411/9631092404_70fe1d111f_z.jpg,NoChair,23914,http://farm4.staticflickr.com/3211/3075507156_0870d4af01_z.jpg,Chair,569742,http://farm4.staticflickr.com/3698/9659408956_409c61341a_z.jpg,Chair,501400,http://farm6.staticflickr.com/5457/9641772821_5b20a20068_z.jpg,Chair,,,2021-01-15T23:33:56.367Z,2021-01-15T23:33:55.388Z,2021-01-15T23:33:57.520Z,2021-01-15T23:33:58.716Z,2021-01-15T23:33:59.786Z,2021-01-15T23:33:45.770Z,2021-01-15T23:33:54.304Z,Win32,en-US,Fri Jan 15 2021 15:33:45 GMT-0800 (Pacific Standard Time),2021-01-15T23:33:59.786Z,Chair,NoChair,Chair,Chair,NoChair,1,1,1,1,0,4
338431Z1FLFYALLU8LI86FEA23XROY,3TLBHISGTOL6I2JNWXXGPLITY7PABT,Decide if these images contain a chair,You see an image. Your task is to decide if there is a chair in this image.,"image, classification",$0.10,2021-01-15T23:29:03+00:00,1,BatchId:4305009;OriginalHitTemplateId:928390875;,120,604800,2021-01-22T23:29:03+00:00,,,384PI804XS1SU3RIBRL3U8JBP280SP,A2S5U5V6KTHP3A,Submitted,2021-01-15T23:32:32+00:00,2021-01-15T23:32:52+00:00,2021-01-22T23:32:52+00:00,,,,20,0% (0/0),0% (0/0),0% (0/0),86459,http://farm5.staticflickr.com/4083/5215997207_ab0d96b5c7_z.jpg,NoChair,412000,http://farm4.staticflickr.com/3583/3694967480_26207e687a_z.jpg,NoChair,292440,http://farm1.staticflickr.com/80/278388213_67e7d44d8b_z.jpg,NoChair,428810,http://farm3.staticflickr.com/2368/5779311821_89782ffaa6_z.jpg,Chair,99785,http://farm9.staticflickr.com/8217/8442975440_db98a69b19_z.jpg,NoChair,,,2021-01-15T23:32:50.235Z,2021-01-15T23:32:51.717Z,2021-01-15T23:32:45.093Z,2021-01-15T23:32:47.654Z,2021-01-15T23:32:49.141Z,2021-01-15T23:32:34.504Z,2021-01-15T23:32:43.147Z,Win32,en-US,Fri Jan 15 2021 15:32:34 GMT-0800 (Pacific Standard Time),2021-01-15T23:32:51.717Z,NoChair,NoChair,NoChair,NoChair,NoChair,1,1,1,0,1,4
3I4E7AFQ2KZXPP7PWXVYYYY6RUKJTK,3TLBHISGTOL6I2JNWXXGPLITY7PABT,Decide if these images contain a chair,You see an image. Your task is to decide if there is a chair in this image.,"image, classification",$0.10,2021-01-15T23:29:03+00:00,1,BatchId:4305009;OriginalHitTemplateId:928390875;,120,604800,2021-01-22T23:29:03+00:00,,,31N2WW6R9RQF7QLTOU3NP7Y33OY3F4,A2SYTRKH1JWJO5,Submitted,2021-01-15T23:30:14+00:00,2021-01-15T23:30:28+00:00,2021-01-22T23:30:28+00:00,,,,14,0% (0/0),0% (0/0),0% (0/0),154704,http://farm9.staticflickr.com/8540/8692071719_31004e9937_z.jpg,Chair,236295,http://farm8.staticflickr.com/7250/7869280796_13d4f96d6d_z.jpg,Chair,34993,http://farm7.staticflickr.com/6130/5963720650_9998d383fa_z.jpg,Chair,397325,http://farm8.staticflickr.com/7341/9621526916_fa01fc7268_z.jpg,NoChair,532780,http://farm4.staticflickr.com/3062/2601537784_9f7a2464a3_z.jpg,NoChair,,,2021-01-15T23:30:21.356Z,2021-01-15T23:30:25.529Z,2021-01-15T23:30:19.873Z,2021-01-15T23:30:28.374Z,2021-01-15T23:30:22.941Z,2021-01-15T23:30:15.725Z,2021-01-15T23:30:17.740Z,Win32,en-US,Fri Jan 15 2021 18:30:15 GMT-0500 (Eastern Standard Time),2021-01-15T23:30:28.374Z,Chair,NoChair,Chair,NoChair,NoChair,1,0,1,1,1,4
3JU8CV4BRLCDY85FVTEJ1KEV1L9OP3,3TLBHISGTOL6I2JNWXXGPLITY7PABT,Decide if these images contain a chair,You see an image. Your task is to decide if there is a chair in this image.,"image, classification",$0.10,2021-01-15T23:29:04+00:00,1,BatchId:4305009;OriginalHitTemplateId:928390875;,120,604800,2021-01-22T23:29:04+00:00,,,3LEP4MGT3G0NC1BACHN3JQTUF3VBDS,AOZIEKTQGHSJX,Submitted,2021-01-15T23:30:07+00:00,2021-01-15T23:31:33+00:00,2021-01-22T23:31:33+00:00,,,,86,0% (0/0),0% (0/0),0% (0/0),290428,http://farm4.staticflickr.com/3615/3417113148_5dae6fef9b_z.jpg,NoChair,210973,http://farm5.staticflickr.com/4100/4894326364_74c495657d_z.jpg,Chair,200476,http://farm8.staticflickr.com/7079/7277445844_5f31c63bdf_z.jpg,Chair,457408,http://farm3.staticflickr.com/2099/2060385223_0a912bd3af_z.jpg,NoChair,91079,http://farm8.staticflickr.com/7201/6897937092_a517a36e7f_z.jpg,Chair,,,2021-01-15T23:31:16.829Z,2021-01-15T23:31:19.465Z,2021-01-15T23:31:32.124Z,2021-01-15T23:31:24.504Z,2021-01-15T23:31:07.201Z,2021-01-15T23:30:09.155Z,2021-01-15T23:30:27.644Z,Win32,en-US,Fri Jan 15 2021 17:30:09 GMT-0600 (Central Standard Time),2021-01-15T23:31:32.124Z,Chair,Chair,Chair,Chair,Chair,0,1,1,0,1,3
3L1EFR8WWT5Y08CFF1ZWS0524G0F9D,3TLBHISGTOL6I2JNWXXGPLITY7PABT,Decide if these images contain a chair,You see an image. Your task is to decide if there is a chair in this image.,"image, classification",$0.10,2021-01-15T23:29:04+00:00,1,BatchId:4305009;OriginalHitTemplateId:928390875;,120,604800,2021-01-22T23:29:04+00:00,,,3OLQQLKKNSPYMQNMW4B4NWUSNK5JEE,A2S5U5V6KTHP3A,Submitted,2021-01-15T23:34:01+00:00,2021-01-15T23:34:24+00:00,2021-01-22T23:34:24+00:00,,,,23,0% (0/0),0% (0/0),0% (0/0),347866,http://farm3.staticflickr.com/2154/2447213965_80122ff2de_z.jpg,NoChair,135158,http://farm8.staticflickr.com/7252/8152732989_2a74ed2703_z.jpg,NoChair,182236,http://farm3.staticflickr.com/2401/2057541074_04a72297e6_z.jpg,NoChair,444285,http://farm4.staticflickr.com/3144/2644527412_74c746e986_z.jpg,NoChair,37847,http://farm5.staticflickr.com/4078/4858755877_47ea1bc595_z.jpg,Chair,,,2021-01-15T23:34:21.062Z,2021-01-15T23:34:23.296Z,2021-01-15T23:34:18.755Z,2021-01-15T23:34:20.102Z,2021-01-15T23:34:22.274Z,2021-01-15T23:34:02.409Z,2021-01-15T23:34:17.664Z,Win32,en-US,Fri Jan 15 2021 15:34:02 GMT-0800 (Pacific Standard Time),2021-01-15T23:34:23.296Z,NoChair,Chair,NoChair,Chair,Chair,1,0,1,0,1,3
3DFYDSXB2W0CP2MEW2L83UK8A8RJUB,3TLBHISGTOL6I2JNWXXGPLITY7PABT,Decide if these images contain a chair,You see an image. Your task is to decide if there is a chair in this image.,"image, classification",$0.10,2021-01-15T23:29:04+00:00,1,BatchId:4305009;OriginalHitTemplateId:928390875;,120,604800,2021-01-22T23:29:04+00:00,,,3OB0CAO74HP01P9N85KDIM6TS45YH2,A1ZLR6WXLCXRRO,Submitted,2021-01-15T23:31:18+00:00,2021-01-15T23:31:33+00:00,2021-01-22T23:31:33+00:00,,,,15,0% (0/0),0% (0/0),0% (0/0),543696,http://farm6.staticflickr.com/5478/9447860404_232d90f0d4_z.jpg,NoChair,261364,http://farm4.staticflickr.com/3577/3443780178_bf0b7d926a_z.jpg,Chair,274800,http://farm5.staticflickr.com/4062/4355020336_16026525f4_z.jpg,NoChair,313130,http://farm5.staticflickr.com/4139/4930439332_ed665548e3_z.jpg,Chair,576869,http://farm1.staticflickr.com/23/25899312_f5f89a0b21_z.jpg,NoChair,,,2021-01-15T23:31:26.886Z,2021-01-15T23:31:29.116Z,2021-01-15T23:31:32.185Z,2021-01-15T23:31:34.760Z,2021-01-15T23:31:30.754Z,2021-01-15T23:31:20.876Z,2021-01-15T23:31:24.114Z,Win32,en-US,Fri Jan 15 2021 16:31:20 GMT-0700 (Mountain Standard Time),2021-01-15T23:31:34.760Z,NoChair,NoChair,NoChair,Chair,NoChair,1,0,1,1,1,4
3OZ4VAIBEXFC2HBE1SVDZGMROF0JV0,3TLBHISGTOL6I2JNWXXGPLITY7PABT,Decide if these images contain a chair,You see an image. Your task is to decide if there is a chair in this image.,"image, classification",$0.10,2021-01-15T23:29:04+00:00,1,BatchId:4305009;OriginalHitTemplateId:928390875;,120,604800,2021-01-22T23:29:04+00:00,,,3KXIR214I4GGOSSL0DTZFTWK8KP426,A2S5U5V6KTHP3A,Submitted,2021-01-15T23:32:53+00:00,2021-01-15T23:33:10+00:00,2021-01-22T23:33:10+00:00,,,,17,0% (0/0),0% (0/0),0% (0/0),353316,http://farm6.staticflickr.com/5019/5511409574_296c402224_z.jpg,NoChair,201273,http://farm9.staticflickr.com/8390/8681439356_34416d64f1_z.jpg,NoChair,52996,http://farm6.staticflickr.com/5482/9358344788_7dd31c5a98_z.jpg,NoChair,473821,http://farm4.staticflickr.com/3610/3361019695_1005dd49fd_z.jpg,Chair,241491,http://farm9.staticflickr.com/8053/8103459779_acfdb280b7_z.jpg,NoChair,,,2021-01-15T23:33:08.248Z,2021-01-15T23:33:06.996Z,2021-01-15T23:33:09.278Z,2021-01-15T23:33:05.982Z,2021-01-15T23:33:04.848Z,2021-01-15T23:32:54.199Z,2021-01-15T23:33:00.482Z,Win32,en-US,Fri Jan 15 2021 15:32:54 GMT-0800 (Pacific Standard Time),2021-01-15T23:33:09.278Z,NoChair,NoChair,NoChair,Chair,NoChair,1,1,1,1,1,5
3P888QFVX3UYYK6UV6T81P456HVOQU,3TLBHISGTOL6I2JNWXXGPLITY7PABT,Decide if these images contain a chair,You see an image. Your task is to decide if there is a chair in this image.,"image, classification",$0.10,2021-01-15T23:29:04+00:00,1,BatchId:4305009;OriginalHitTemplateId:928390875;,120,604800,2021-01-22T23:29:04+00:00,,,3KOPY89HM82VCS7P7KU845QVWVF3J7,A3G5OWGKHW6OL5,Submitted,2021-01-15T23:30:46+00:00,2021-01-15T23:31:05+00:00,2021-01-22T23:31:05+00:00,,,,19,0% (0/0),0% (0/0),0% (0/0),60245,http://farm5.staticflickr.com/4112/4838675108_fb845d045a_z.jpg,NoChair,14335,http://farm3.staticflickr.com/2425/3976350889_27fa5c4ef0_z.jpg,NoChair,127092,http://farm8.staticflickr.com/7283/9424705151_e1e48db969_z.jpg,NoChair,191280,http://farm1.staticflickr.com/111/310008903_1f2da70a65_z.jpg,Chair,479611,http://farm3.staticflickr.com/2522/4114364588_90eba58c42_z.jpg,NoChair,,,2021-01-15T23:31:05.822Z,2021-01-15T23:31:08.751Z,2021-01-15T23:31:17.761Z,2021-01-15T23:31:14.903Z,2021-01-15T23:31:11.263Z,2021-01-15T23:31:00.027Z,2021-01-15T23:31:02.364Z,Win32,en-US,Fri Jan 15 2021 17:31:00 GMT-0600 (Central Standard Time),2021-01-15T23:31:17.761Z,NoChair,NoChair,NoChair,Chair,NoChair,1,1,1,1,1,5
3VEI3XUCZRXGVLXVNLVNVFJ0C8TRPF,3TLBHISGTOL6I2JNWXXGPLITY7PABT,Decide if these images contain a chair,You see an image. Your task is to decide if there is a chair in this image.,"image, classification",$0.10,2021-01-15T23:29:04+00:00,1,BatchId:4305009;OriginalHitTemplateId:928390875;,120,604800,2021-01-22T23:29:04+00:00,,,3PXX5PX6LXYPEU8YS7W1TPLOU0YBAQ,A2SYTRKH1JWJO5,Submitted,2021-01-15T23:29:58+00:00,2021-01-15T23:30:14+00:00,2021-01-22T23:30:14+00:00,,,,16,0% (0/0),0% (0/0),0% (0/0),65883,http://farm4.staticflickr.com/3744/9699310308_ee18249dcc_z.jpg,Chair,136811,http://farm9.staticflickr.com/8362/8283564099_34a51639ff_z.jpg,Chair,58425,http://farm4.staticflickr.com/3819/9547035643_f2268c5338_z.jpg,Chair,427901,http://farm6.staticflickr.com/5468/7384799260_0d26a466d3_z.jpg,Chair,64800,http://farm4.staticflickr.com/3029/2761927669_2c3a1f63c2_z.jpg,Chair,,,2021-01-15T23:30:05.912Z,2021-01-15T23:30:14.155Z,2021-01-15T23:30:09.001Z,2021-01-15T23:30:04.334Z,2021-01-15T23:30:11.407Z,2021-01-15T23:29:59.220Z,2021-01-15T23:30:02.097Z,Win32,en-US,Fri Jan 15 2021 18:29:59 GMT-0500 (Eastern Standard Time),2021-01-15T23:30:14.155Z,Chair,Chair,NoChair,Chair,Chair,1,1,0,1,1,4
360ZO6N6J1J46I4W1O39NQPB1HCM9R,3TLBHISGTOL6I2JNWXXGPLITY7PABT,Decide if these images contain a chair,You see an image. Your task is to decide if there is a chair in this image.,"image, classification",$0.10,2021-01-15T23:29:04+00:00,1,BatchId:4305009;OriginalHitTemplateId:928390875;,120,604800,2021-01-22T23:29:04+00:00,,,336KAV9KYQSWMZ65PKH6VI0R3LNY2K,A2S5U5V6KTHP3A,Submitted,2021-01-15T23:29:31+00:00,2021-01-15T23:30:03+00:00,2021-01-22T23:30:03+00:00,,,,32,0% (0/0),0% (0/0),0% (0/0),362229,http://farm6.staticflickr.com/5067/5760575253_2449c1be1c_z.jpg,NoChair,443522,http://farm9.staticflickr.com/8560/8861176251_b35eb00d7e_z.jpg,NoChair,282131,http://farm2.staticflickr.com/1292/537855099_827bd49188_z.jpg,NoChair,109434,http://farm4.staticflickr.com/3558/3407827986_f614174d68_z.jpg,NoChair,73436,http://farm5.staticflickr.com/4121/4848670427_a77de7d0a1_z.jpg,Chair,,,2021-01-15T23:29:58.704Z,2021-01-15T23:30:02.361Z,2021-01-15T23:30:00.172Z,2021-01-15T23:30:01.412Z,2021-01-15T23:29:56.375Z,2021-01-15T23:29:35.976Z,2021-01-15T23:29:51.862Z,Win32,en-US,Fri Jan 15 2021 15:29:35 GMT-0800 (Pacific Standard Time),2021-01-15T23:30:02.361Z,Chair,NoChair,NoChair,NoChair,NoChair,0,1,1,1,0,3
3D06DR5225JIB1E1TUH9JL0V7ZUMA6,3TLBHISGTOL6I2JNWXXGPLITY7PABT,Decide if these images contain a chair,You see an image. Your task is to decide if there is a chair in this image.,"image, classification",$0.10,2021-01-15T23:29:04+00:00,1,BatchId:4305009;OriginalHitTemplateId:928390875;,120,604800,2021-01-22T23:29:04+00:00,,,3DPNQGW4LLF46TBMNF5256DWOPR64P,A1ZLR6WXLCXRRO,Submitted,2021-01-15T23:31:04+00:00,2021-01-15T23:31:18+00:00,2021-01-22T23:31:18+00:00,,,,14,0% (0/0),0% (0/0),0% (0/0),91707,http://farm4.staticflickr.com/3129/2621278173_8e05a1c3cd_z.jpg,Chair,254600,http://farm2.staticflickr.com/1210/1240504465_bc27f5f66c_z.jpg,NoChair,485014,http://farm1.staticflickr.com/231/501339766_b8ff45f22a_z.jpg,Chair,380300,http://farm9.staticflickr.com/8052/8106290786_374f9a67f6_z.jpg,NoChair,552985,http://farm3.staticflickr.com/2693/4379653534_b73ee5504b_z.jpg,Chair,,,2021-01-15T23:31:14.392Z,2021-01-15T23:31:17.512Z,2021-01-15T23:31:19.472Z,2021-01-15T23:31:16.042Z,2021-01-15T23:31:12.804Z,2021-01-15T23:31:07.071Z,2021-01-15T23:31:10.243Z,Win32,en-US,Fri Jan 15 2021 16:31:07 GMT-0700 (Mountain Standard Time),2021-01-15T23:31:19.472Z,Chair,NoChair,Chair,NoChair,Chair,1,1,1,1,1,5
34OWYT6U3WHIAZE5G95HVXIUK8SI97,3TLBHISGTOL6I2JNWXXGPLITY7PABT,Decide if these images contain a chair,You see an image. Your task is to decide if there is a chair in this image.,"image, classification",$0.10,2021-01-15T23:29:04+00:00,1,BatchId:4305009;OriginalHitTemplateId:928390875;,120,604800,2021-01-22T23:29:04+00:00,,,3VSOLARPKB966GUGL83VFBCS0Q339C,A1TC14EZIN2DKF,Submitted,2021-01-15T23:29:51+00:00,2021-01-15T23:30:56+00:00,2021-01-22T23:30:56+00:00,,,,65,0% (0/0),0% (0/0),0% (0/0),167486,http://farm3.staticflickr.com/2600/3961919110_208eefde1f_z.jpg,NoChair,491755,http://farm2.staticflickr.com/1125/1304487820_f75ba1a732_z.jpg,Chair,401608,http://farm1.staticflickr.com/80/264827493_c63397191d_z.jpg,Chair,433975,http://farm1.staticflickr.com/59/202366527_75177a5848_z.jpg,Chair,120472,http://farm9.staticflickr.com/8516/8497352233_d47c0672e3_z.jpg,Chair,,,2021-01-15T23:30:45.383Z,2021-01-15T23:30:35.880Z,2021-01-15T23:30:55.005Z,2021-01-15T23:30:32.537Z,2021-01-15T23:30:38.769Z,2021-01-15T23:29:53.311Z,2021-01-15T23:30:27.046Z,Win32,en-US,Fri Jan 15 2021 18:29:53 GMT-0500 (Eastern Standard Time),2021-01-15T23:30:55.005Z,NoChair,Chair,NoChair,Chair,Chair,1,1,0,1,1,4
3PR3LXCWSFZF0U30FV5IY7598LW9XY,3TLBHISGTOL6I2JNWXXGPLITY7PABT,Decide if these images contain a chair,You see an image. Your task is to decide if there is a chair in this image.,"image, classification",$0.10,2021-01-15T23:29:04+00:00,1,BatchId:4305009;OriginalHitTemplateId:928390875;,120,604800,2021-01-22T23:29:04+00:00,,,3NVC2EB65QZL7H2OTKVBES5J9ZNY3V,A2SYTRKH1JWJO5,Submitted,2021-01-15T23:29:33+00:00,2021-01-15T23:29:57+00:00,2021-01-22T23:29:57+00:00,,,,24,0% (0/0),0% (0/0),0% (0/0),262896,http://farm8.staticflickr.com/7404/9708890283_a7aab5b722_z.jpg,NoChair,184903,http://farm3.staticflickr.com/2374/2106536036_ef1da6bca4_z.jpg,Chair,25045,http://farm9.staticflickr.com/8201/8212956184_c6d1b01596_z.jpg,NoChair,453302,http://farm1.staticflickr.com/117/292954395_a07a6c2fea_z.jpg,Chair,454225,http://farm8.staticflickr.com/7007/6608624129_d3a1125da0_z.jpg,NoChair,,,2021-01-15T23:29:52.418Z,2021-01-15T23:29:45.975Z,2021-01-15T23:29:50.678Z,2021-01-15T23:29:57.481Z,2021-01-15T23:29:48.839Z,2021-01-15T23:29:35.095Z,2021-01-15T23:29:42.352Z,Win32,en-US,Fri Jan 15 2021 18:29:35 GMT-0500 (Eastern Standard Time),2021-01-15T23:29:57.481Z,NoChair,Chair,NoChair,NoChair,Chair,1,1,1,0,0,3
31SIZS5W59F1VXYANYACVK9AH4FRQ6,3TLBHISGTOL6I2JNWXXGPLITY7PABT,Decide if these images contain a chair,You see an image. Your task is to decide if there is a chair in this image.,"image, classification",$0.10,2021-01-15T23:29:04+00:00,1,BatchId:4305009;OriginalHitTemplateId:928390875;,120,604800,2021-01-22T23:29:04+00:00,,,34MAJL3QP4N59AO44D74Y31CEYP34G,A3CVY8G619MGTI,Submitted,2021-01-15T23:29:43+00:00,2021-01-15T23:30:28+00:00,2021-01-22T23:30:28+00:00,,,,45,0% (0/0),0% (0/0),0% (0/0),375093,http://farm4.staticflickr.com/3257/3219677995_19d398fb8a_z.jpg,Chair,77553,http://farm4.staticflickr.com/3568/3604001876_0e0432d06d_z.jpg,Chair,400166,http://farm2.staticflickr.com/1302/1151559454_2a99a3be2e_z.jpg,NoChair,502136,http://farm3.staticflickr.com/2253/1755223462_fabbeb8dc3_z.jpg,NoChair,561789,http://farm4.staticflickr.com/3092/2300565822_f297ab8595_z.jpg,Chair,,,2021-01-15T23:30:13.374Z,2021-01-15T23:30:24.010Z,2021-01-15T23:30:27.430Z,2021-01-15T23:30:06.835Z,2021-01-15T23:30:10.662Z,2021-01-15T23:29:43.848Z,2021-01-15T23:29:58.435Z,Win32,en-US,Fri Jan 15 2021 18:29:43 GMT-0500 (Eastern Standard Time),2021-01-15T23:30:27.430Z,Chair,Chair,NoChair,NoChair,Chair,1,1,1,1,1,5
3BO3NEOQM0HWFIOA8FJHRSTEQQAIAM,3TLBHISGTOL6I2JNWXXGPLITY7PABT,Decide if these images contain a chair,You see an image. Your task is to decide if there is a chair in this image.,"image, classification",$0.10,2021-01-15T23:29:04+00:00,1,BatchId:4305009;OriginalHitTemplateId:928390875;,120,604800,2021-01-22T23:29:04+00:00,,,3WEV0KO0OMSMTNSCN39Y9F3UJRHDSV,A2S5U5V6KTHP3A,Submitted,2021-01-15T23:30:04+00:00,2021-01-15T23:30:28+00:00,2021-01-22T23:30:28+00:00,,,,24,0% (0/0),0% (0/0),0% (0/0),554031,http://farm1.staticflickr.com/51/183207824_45c944d7e0_z.jpg,Chair,219674,http://farm6.staticflickr.com/5486/9600996820_92d5c8da2f_z.jpg,Chair,135338,http://farm8.staticflickr.com/7406/8854433529_b396aa0d42_z.jpg,Chair,487840,http://farm5.staticflickr.com/4063/5153815372_0ff660ed0e_z.jpg,NoChair,86848,http://farm3.staticflickr.com/2532/4175865507_66806637b0_z.jpg,Chair,,,2021-01-15T23:30:24.430Z,2021-01-15T23:30:21.620Z,2021-01-15T23:30:25.307Z,2021-01-15T23:30:23.284Z,2021-01-15T23:30:27.171Z,2021-01-15T23:30:06.314Z,2021-01-15T23:30:19.287Z,Win32,en-US,Fri Jan 15 2021 15:30:06 GMT-0800 (Pacific Standard Time),2021-01-15T23:30:27.171Z,Chair,Chair,Chair,NoChair,Chair,1,1,1,1,1,5
3FSEU3P2NR017YDA0DZC0AJFDQHRR7,3TLBHISGTOL6I2JNWXXGPLITY7PABT,Decide if these images contain a chair,You see an image. Your task is to decide if there is a chair in this image.,"image, classification",$0.10,2021-01-15T23:29:04+00:00,1,BatchId:4305009;OriginalHitTemplateId:928390875;,120,604800,2021-01-22T23:29:04+00:00,,,3Y9N9SS8LYBI967XXO8X17VIRBI3DT,A3KEQ4ZLJ4HQKI,Submitted,2021-01-15T23:30:09+00:00,2021-01-15T23:31:04+00:00,2021-01-22T23:31:04+00:00,,,,55,0% (0/0),0% (0/0),0% (0/0),54868,http://farm2.staticflickr.com/1337/918085185_28cdfcf972_z.jpg,Chair,34038,http://farm1.staticflickr.com/34/104803225_32a175a436_z.jpg,Chair,301238,http://farm1.staticflickr.com/191/495587532_33dd5d66e0_z.jpg,NoChair,74127,http://farm7.staticflickr.com/6041/6349654646_a6f1566484_z.jpg,NoChair,25717,http://farm9.staticflickr.com/8439/7857262304_63ded5fbec_z.jpg,Chair,,,2021-01-15T23:30:57.800Z,2021-01-15T23:31:03.675Z,2021-01-15T23:30:43.863Z,2021-01-15T23:30:53.127Z,2021-01-15T23:30:35.256Z,2021-01-15T23:30:11.443Z,2021-01-15T23:30:22.118Z,MacIntel,en-us,Fri Jan 15 2021 18:30:11 GMT-0500 (EST),2021-01-15T23:31:03.675Z,Chair,Chair,NoChair,NoChair,Chair,1,1,1,1,1,5
338431Z1FLFYALLU8LI86FEA23XORV,3TLBHISGTOL6I2JNWXXGPLITY7PABT,Decide if these images contain a chair,You see an image. Your task is to decide if there is a chair in this image.,"image, classification",$0.10,2021-01-15T23:29:04+00:00,1,BatchId:4305009;OriginalHitTemplateId:928390875;,120,604800,2021-01-22T23:29:04+00:00,,,3PJUZCGDJ6GS7D0MXPYR6SK3GCV899,A3G5OWGKHW6OL5,Submitted,2021-01-15T23:29:37+00:00,2021-01-15T23:30:43+00:00,2021-01-22T23:30:43+00:00,,,,66,0% (0/0),0% (0/0),0% (0/0),11332,http://farm6.staticflickr.com/5441/9341737561_a9b80bdce8_z.jpg,Chair,446421,http://farm8.staticflickr.com/7247/7715297350_5d31dec5e6_z.jpg,Chair,547827,http://farm3.staticflickr.com/2003/2253272914_d9f55907c4_z.jpg,NoChair,356257,http://farm3.staticflickr.com/2817/9672283924_30ec164c09_z.jpg,NoChair,28239,http://farm4.staticflickr.com/3015/2774269234_c51152b9cd_z.jpg,Chair,,,2021-01-15T23:30:34.759Z,2021-01-15T23:30:52.271Z,2021-01-15T23:30:55.654Z,2021-01-15T23:30:08.614Z,2021-01-15T23:30:49.330Z,2021-01-15T23:29:51.199Z,2021-01-15T23:30:00.692Z,Win32,en-US,Fri Jan 15 2021 17:29:51 GMT-0600 (Central Standard Time),2021-01-15T23:30:55.654Z,Chair,NoChair,NoChair,NoChair,Chair,1,0,1,1,1,4
